len,pattern
127,hstair
80,hang
131,ebwstair
142,test-1-nps
51,hstair
229,stair
225,ebwstair
192,estair
93,hbwstair
206,joe
55,estair
38,hstair
121,jan
56,joe
60,bil
56,jan
125,noa
195,joe
174,estair
36,stair
200,bil
79,bwstair
50,bil
100,bwstair
95,bil
53,estair
98,shbwstair
173,hang
76,joe
204,joe
64,estair
171,noa
58,jan
230,mat
167,mat
46,estair
123,jak
45,test-1-nps
74,shbwstair
74,bil
72,hang
207,shstair
187,jan
230,shstair
110,jan
96,test-1-nps
91,mat
103,hbwstair
81,joe
53,bwstair
175,hstair
64,hang
210,mat
83,shbwstair
42,test-1-nps
143,hbwstair
47,hstair
164,test-1-nps
104,shbwstair
201,stair
105,stair
155,hbwstair
97,jan
204,joe
35,shbwstair
103,estair
184,bil
236,stair
84,jan
107,jan
143,shstair
95,jak
113,joe
160,joe
142,shstair
101,joe
94,hang
64,test-1-nps
151,stair
107,stair
123,hbwstair
135,test-1-nps
30,bil
205,hbwstair
196,stair
102,jan
173,bwstair
173,noa
184,noa
139,shbwstair
191,joe
64,jak
76,shstair
86,bwstair
166,hstair
103,noa
104,mat
190,jan
187,joe
230,jan
33,noa
186,mat
137,shstair
54,ebwstair
70,mat
137,jak
220,stair
195,test-1-nps
98,test-1-nps
199,hbwstair
215,test-1-nps
175,estair
116,test-1-nps
144,jan
200,hang
110,noa
74,hang
127,hstair
43,bil
30,estair
113,hbwstair
87,test-1-nps
36,hang
52,stair
237,test-1-nps
181,joe
113,bwstair
225,ebwstair
125,ebwstair
105,bil
175,bwstair
232,bwstair
121,hstair
109,jak
100,bwstair
201,bil
96,hstair
42,jan
202,hang
220,noa
70,bwstair
73,test-1-nps
103,stair
44,mat
34,stair
72,ebwstair
165,ebwstair
36,hbwstair
95,shstair
82,shbwstair
112,estair
47,test-1-nps
88,estair
76,hstair
129,ebwstair
137,hbwstair
154,estair
50,stair
175,hbwstair
89,hang
56,hang
122,estair
120,mat
237,shstair
166,bwstair
164,jan
35,stair
144,shbwstair
119,joe
188,joe
134,estair
216,noa
168,hstair
45,hbwstair
140,hstair
141,bwstair
78,hbwstair
89,bil
229,hbwstair
147,mat
50,bwstair
52,test-1-nps
106,hstair
158,estair
197,hbwstair
207,test-1-nps
89,jan
73,hang
30,noa
101,hang
87,mat
163,joe
31,hbwstair
73,noa
218,jan
114,jak
127,joe
159,hbwstair
117,shstair
49,test-1-nps
112,bwstair
87,ebwstair
34,shstair
105,hbwstair
187,bil
62,hstair
236,shstair
100,jak
59,test-1-nps
151,bil
66,bwstair
124,joe
33,test-1-nps
229,hang
81,hang
45,stair
188,jan
189,jan
94,estair
206,hstair
89,hstair
40,noa
195,ebwstair
146,hstair
133,jak
169,test-1-nps
149,mat
45,jak
178,test-1-nps
228,hbwstair
236,joe
206,hang
153,mat
128,bwstair
50,estair
184,hstair
207,stair
146,hang
222,hbwstair
181,test-1-nps
50,bwstair
168,bwstair
161,estair
115,bwstair
122,hstair
65,bil
126,joe
88,ebwstair
219,jan
111,jak
88,estair
148,hstair
102,estair
104,shbwstair
134,shstair
50,joe
195,noa
185,hang
195,hang
37,hstair
200,jan
196,shbwstair
151,mat
159,test-1-nps
120,test-1-nps
113,stair
137,noa
35,bil
145,mat
80,test-1-nps
132,ebwstair
215,bil
116,ebwstair
168,bwstair
65,noa
112,estair
187,hstair
92,hbwstair
105,shbwstair
191,noa
152,test-1-nps
145,stair
238,hang
154,noa
187,bwstair
99,shstair
53,ebwstair
93,jan
178,joe
167,jan
99,jak
87,mat
213,test-1-nps
30,hang
155,joe
188,hbwstair
58,bwstair
157,noa
164,estair
43,test-1-nps
56,estair
41,mat
166,stair
176,stair
92,hang
215,noa
50,ebwstair
236,stair
224,bwstair
34,noa
198,hang
151,shbwstair
70,bwstair
145,hang
172,jak
88,jan
86,bwstair
50,shbwstair
160,hbwstair
175,noa
135,joe
79,joe
109,noa
82,test-1-nps
119,stair
111,jak
54,jak
91,shbwstair
106,estair
111,hang
205,ebwstair
111,stair
152,joe
158,jan
160,jak
227,stair
58,hstair
123,stair
200,hang
89,mat
37,bwstair
77,test-1-nps
150,joe
118,bil
169,bil
153,shstair
36,shstair
125,stair
209,noa
40,bil
67,ebwstair
180,hbwstair
167,mat
133,mat
138,bwstair
217,bwstair
116,hstair
40,shstair
106,ebwstair
195,estair
233,hbwstair
123,noa
227,jan
57,bil
59,shbwstair
172,joe
77,hang
230,stair
239,bwstair
204,mat
168,stair
146,jak
61,shbwstair
41,hstair
161,noa
210,shbwstair
106,test-1-nps
162,jan
199,mat
107,test-1-nps
238,stair
140,mat
38,bil
201,jan
194,ebwstair
148,stair
130,shbwstair
92,mat
79,jan
159,test-1-nps
167,shstair
118,jan
49,mat
234,hang
116,hstair
87,stair
223,estair
208,ebwstair
53,jan
75,ebwstair
116,shbwstair
158,jak
227,hbwstair
200,estair
111,shbwstair
89,stair
90,mat
57,bil
193,shstair
138,joe
103,hang
92,hbwstair
133,estair
97,ebwstair
93,hstair
112,stair
233,shstair
55,mat
185,jan
223,hbwstair
47,jan
207,bil
67,bwstair
224,hang
160,test-1-nps
185,bil
114,stair
189,hang
98,jan
186,mat
107,ebwstair
70,jan
136,mat
78,shstair
212,ebwstair
84,hang
46,bil
172,hbwstair
229,joe
183,jak
150,mat
147,jan
215,jan
31,hbwstair
213,shbwstair
139,bwstair
43,noa
130,mat
99,joe
234,hang
133,shbwstair
140,hstair
188,noa
158,stair
60,joe
152,bil
47,estair
74,shstair
165,hang
178,ebwstair
135,bil
104,mat
128,shbwstair
130,shbwstair
235,hang
71,test-1-nps
86,ebwstair
146,shbwstair
90,jak
46,jak
62,shstair
135,estair
88,jan
225,estair
94,noa
195,bil
157,joe
86,mat
95,hang
158,shstair
56,hang
77,estair
51,bil
102,test-1-nps
232,hstair
209,bwstair
226,hang
125,jan
58,shbwstair
225,joe
223,ebwstair
100,noa
88,hang
174,shbwstair
128,estair
200,mat
217,shbwstair
39,noa
185,estair
64,stair
219,hbwstair
125,mat
60,ebwstair
239,joe
213,shbwstair
115,noa
181,stair
136,stair
75,shbwstair
50,joe
137,bwstair
83,hang
227,jak
97,jak
121,estair
81,hang
218,bil
228,test-1-nps
73,shbwstair
48,hang
33,jak
180,noa
131,jak
169,hbwstair
30,mat
184,noa
143,noa
190,shstair
228,stair
45,hang
31,noa
137,test-1-nps
31,noa
136,stair
233,noa
224,hang
188,bwstair
227,estair
57,estair
82,jak
180,joe
113,shbwstair
39,ebwstair
219,hang
140,hstair
89,bwstair
95,hang
71,bwstair
32,noa
142,jak
71,stair
38,ebwstair
31,noa
33,noa
181,shstair
196,shbwstair
115,mat
219,estair
73,jan
192,test-1-nps
209,hang
160,hstair
189,joe
180,hang
34,jan
159,bwstair
38,shbwstair
225,bwstair
235,noa
94,shstair
231,hang
71,bil
68,mat
83,jan
104,shbwstair
78,mat
178,bwstair
38,hang
213,stair
172,noa
103,test-1-nps
62,jak
111,estair
127,joe
223,hstair
182,stair
234,mat
135,noa
160,mat
78,hstair
104,ebwstair
203,jan
226,bwstair
158,bil
226,jak
104,test-1-nps
55,stair
106,jak
226,shbwstair
122,ebwstair
110,jak
34,jan
31,shbwstair
138,shstair
164,hbwstair
71,hbwstair
159,stair
33,hstair
214,bil
124,hbwstair
31,estair
72,shbwstair
231,hstair
180,shstair
140,joe
82,shbwstair
69,mat
167,bil
194,shstair
51,noa
116,estair
229,mat
93,jak
149,shstair
218,stair
214,jak
140,shstair
149,hbwstair
108,mat
59,ebwstair
138,hang
144,shbwstair
37,joe
111,bwstair
31,jan
80,noa
194,noa
226,jak
128,bwstair
98,shbwstair
174,bwstair
52,hbwstair
111,mat
193,hbwstair
44,hstair
78,shbwstair
194,hbwstair
155,bil
105,ebwstair
147,bwstair
212,jak
211,hbwstair
116,bil
125,stair
101,shstair
92,test-1-nps
231,estair
56,hbwstair
107,mat
113,joe
137,test-1-nps
229,shbwstair
206,shstair
217,bil
73,hang
199,noa
152,hang
238,hstair
153,jak
126,ebwstair
224,stair
88,joe
134,shbwstair
78,shbwstair
128,shstair
149,hang
40,hang
96,jak
35,stair
118,jak
141,jak
189,jak
238,bwstair
33,ebwstair
97,jan
66,jan
197,hbwstair
94,ebwstair
63,shbwstair
178,shstair
157,hbwstair
157,hbwstair
202,stair
69,noa
38,jak
38,jak
168,bil
44,mat
126,jan
208,shstair
212,hstair
82,hstair
131,hstair
160,hstair
69,jan
191,hbwstair
221,test-1-nps
184,bwstair
205,shstair
204,ebwstair
188,estair
153,shbwstair
175,hstair
41,shbwstair
192,bwstair
108,hang
34,hstair
217,hbwstair
166,joe
36,mat
168,stair
136,bil
117,joe
208,estair
159,mat
98,estair
49,jan
177,shbwstair
224,jak
199,hstair
184,ebwstair
198,mat
144,hbwstair
118,joe
153,joe
222,bil
141,bwstair
122,bil
172,jak
52,jak
110,stair
164,estair
202,estair
160,joe
93,shbwstair
136,ebwstair
91,hang
196,test-1-nps
35,noa
70,shstair
179,stair
42,jan
127,mat
68,ebwstair
221,hstair
204,test-1-nps
194,noa
142,test-1-nps
227,hstair
35,hstair
221,hstair
163,hbwstair
69,joe
209,mat
144,noa
88,noa
212,hang
84,shbwstair
226,hang
215,jan
210,mat
206,shbwstair
106,test-1-nps
39,bwstair
147,hang
89,hbwstair
71,noa
136,shstair
56,joe
207,jan
50,ebwstair
186,bil
50,mat
61,shbwstair
57,bil
236,test-1-nps
189,hstair
129,mat
146,hstair
186,bwstair
209,jak
36,ebwstair
235,bil
199,ebwstair
45,test-1-nps
134,bil
55,mat
110,hstair
222,shbwstair
239,hang
104,jak
231,hstair
214,joe
58,shstair
102,shstair
33,estair
174,noa
208,mat
148,hbwstair
116,hbwstair
199,stair
228,mat
210,ebwstair
191,noa
238,test-1-nps
84,joe
227,noa
146,stair
61,hang
216,joe
83,shbwstair
189,joe
233,shstair
208,stair
146,jan
67,estair
193,bwstair
209,stair
71,noa
107,shstair
97,test-1-nps
37,mat
82,hang
59,shstair
173,jan
222,bil
128,estair
31,noa
131,shbwstair
168,bwstair
221,hang
235,jan
118,jan
87,shbwstair
103,estair
102,stair
160,ebwstair
123,hstair
43,hstair
210,stair
138,jak
103,bil
224,estair
71,jan
83,hbwstair
33,ebwstair
148,mat
80,ebwstair
235,hstair
129,jan
238,bwstair
154,jan
48,mat
68,bil
179,hang
53,jak
230,shbwstair
41,ebwstair
111,hstair
238,estair
66,jak
230,bil
74,test-1-nps
149,jak
211,test-1-nps
165,hbwstair
64,noa
148,jak
93,hbwstair
158,jan
134,shstair
226,bil
82,stair
91,stair
165,ebwstair
155,noa
59,shstair
110,test-1-nps
133,bwstair
85,bwstair
170,test-1-nps
44,mat
88,hstair
195,bwstair
161,shstair
141,jan
64,jak
147,test-1-nps
181,joe
43,shstair
81,test-1-nps
149,stair
189,mat
194,jak
34,test-1-nps
145,hstair
110,bwstair
106,hstair
196,jan
181,jak
108,shstair
218,noa
44,jan
40,hang
237,hstair
214,jan
158,ebwstair
217,estair
234,hbwstair
126,ebwstair
224,jan
162,bil
148,shbwstair
104,jan
204,hang
79,jak
76,bil
69,estair
236,noa
176,jan
137,mat
64,test-1-nps
203,hang
42,noa
53,bil
214,hstair
141,estair
229,shstair
39,bil
212,estair
186,mat
145,mat
211,shbwstair
105,test-1-nps
114,joe
59,shstair
189,mat
76,jan
218,bil
211,jan
143,test-1-nps
207,hang
129,noa
207,stair
157,hstair
167,stair
164,estair
125,shbwstair
191,shbwstair
178,ebwstair
187,ebwstair
114,shstair
91,estair
214,bil
100,bwstair
150,estair
150,ebwstair
33,estair
214,hang
209,joe
229,bil
186,ebwstair
166,stair
119,shstair
115,bil
110,hang
143,jak
207,hbwstair
40,hbwstair
235,hbwstair
91,hstair
151,bwstair
105,noa
159,shstair
94,mat
98,stair
164,noa
194,jak
212,jak
71,noa
204,noa
175,hstair
144,jan
203,hstair
196,joe
66,hbwstair
62,mat
173,bwstair
183,joe
91,ebwstair
207,estair
135,estair
76,joe
57,hbwstair
163,joe
238,ebwstair
232,stair
219,test-1-nps
111,jan
35,test-1-nps
222,jan
196,noa
177,estair
47,test-1-nps
232,estair
162,hang
127,joe
166,shstair
234,shbwstair
222,mat
97,bwstair
191,mat
107,estair
51,stair
41,jan
200,shbwstair
99,stair
214,hang
43,jan
228,jan
102,shbwstair
30,noa
129,jak
237,hang
40,joe
74,mat
64,jan
56,hstair
92,joe
185,estair
54,jak
148,shbwstair
206,jan
55,estair
122,bwstair
142,jak
211,test-1-nps
148,bil
206,stair
216,test-1-nps
39,stair
177,hang
85,shstair
222,stair
179,test-1-nps
78,joe
135,jan
91,jan
121,test-1-nps
62,hstair
93,test-1-nps
59,ebwstair
137,noa
151,hbwstair
108,noa
85,bil
39,bil
178,estair
160,hang
152,hstair
139,jak
228,noa
138,hang
81,estair
199,jak
226,jak
190,mat
78,estair
203,mat
205,shstair
142,hbwstair
197,mat
46,ebwstair
116,bil
69,bwstair
149,ebwstair
189,jak
224,noa
137,test-1-nps
138,hbwstair
86,jan
85,jak
42,shstair
224,jan
101,jak
147,shstair
96,hbwstair
59,jan
110,hang
192,mat
149,bil
95,hbwstair
233,shstair
211,bil
99,jan
142,estair
203,shstair
130,shbwstair
156,bil
214,shbwstair
53,bwstair
221,hang
189,test-1-nps
109,mat
200,hbwstair
120,jak
193,jan
80,jan
198,mat
114,joe
155,shbwstair
131,noa
142,hbwstair
70,joe
59,estair
70,shbwstair
51,ebwstair
97,hstair
182,hang
224,bil
54,stair
214,jak
222,mat
194,bwstair
230,shbwstair
32,bil
138,bil
128,jak
221,shbwstair
182,joe
231,shbwstair
175,ebwstair
60,jan
71,jan
44,jak
47,jak
70,test-1-nps
222,shbwstair
97,hstair
88,shstair
114,estair
218,bil
80,shstair
168,jak
112,jan
50,stair
50,ebwstair
43,joe
153,shstair
110,jan
84,hbwstair
140,bwstair
159,shbwstair
132,hstair
76,bil
96,noa
86,ebwstair
140,bil
114,stair
56,noa
126,mat
71,estair
121,ebwstair
33,jan
137,joe
225,estair
169,jan
79,joe
33,shstair
121,hbwstair
176,hbwstair
72,bil
136,estair
198,bil
234,shstair
206,test-1-nps
235,hang
115,joe
228,stair
79,shbwstair
33,bwstair
95,joe
223,stair
94,hbwstair
72,hang
204,estair
175,stair
102,bil
145,joe
33,mat
77,bil
152,hbwstair
135,jan
176,stair
120,ebwstair
93,estair
218,ebwstair
158,shbwstair
157,jan
146,shstair
153,bwstair
236,ebwstair
111,hbwstair
200,test-1-nps
234,mat
196,stair
230,shstair
150,bil
199,jak
112,mat
42,estair
63,estair
163,jak
145,jak
115,jan
193,hstair
31,jan
184,bwstair
141,noa
216,jak
135,joe
71,stair
142,bil
218,bwstair
143,hstair
134,stair
32,hbwstair
169,jan
166,estair
45,hbwstair
157,mat
156,estair
48,estair
52,hbwstair
93,hbwstair
130,mat
142,shstair
132,hbwstair
150,shstair
188,hstair
42,test-1-nps
221,hang
218,hbwstair
205,bil
165,mat
182,hang
106,joe
125,shstair
82,bwstair
70,bwstair
45,jak
60,stair
109,bil
220,ebwstair
130,bwstair
115,shstair
199,jan
69,jak
46,jan
107,shbwstair
58,stair
222,noa
193,ebwstair
34,jak
184,bil
72,jak
52,bil
214,joe
122,noa
50,test-1-nps
213,estair
93,hbwstair
207,joe
74,bil
109,noa
186,hang
211,mat
179,shstair
199,bwstair
43,bil
109,mat
99,bil
161,joe
108,bil
98,jan
188,shbwstair
56,bwstair
203,noa
157,hang
84,jak
75,shstair
32,jak
212,bil
229,ebwstair
212,test-1-nps
204,test-1-nps
155,mat
99,jan
84,bwstair
43,hstair
231,mat
141,shstair
179,estair
235,mat
135,hstair
79,joe
42,shstair
197,stair
165,shbwstair
49,mat
147,jan
225,hbwstair
201,shstair
195,stair
135,jak
38,bil
191,hbwstair
219,hbwstair
130,bwstair
56,hstair
61,shbwstair
109,stair
169,shbwstair
48,test-1-nps
93,hstair
186,hstair
102,jak
154,test-1-nps
186,jan
190,shstair
64,jan
142,joe
47,jak
32,estair
52,jak
40,ebwstair
219,shstair
121,estair
125,jan
163,ebwstair
179,hbwstair
163,hang
201,jan
144,mat
239,shstair
66,joe
102,noa
151,jan
223,stair
131,hang
97,jak
214,bil
204,mat
50,mat
92,mat
185,stair
111,stair
116,shbwstair
86,stair
212,mat
154,shstair
51,estair
201,mat
62,jak
236,jak
229,bwstair
57,test-1-nps
110,bwstair
44,shbwstair
84,hbwstair
150,ebwstair
170,ebwstair
128,bil
62,hstair
42,mat
142,mat
176,ebwstair
153,stair
96,jak
190,noa
68,shbwstair
164,shbwstair
186,hstair
104,hang
234,joe
179,mat
225,shbwstair
170,ebwstair
130,shstair
150,hbwstair
228,bwstair
86,ebwstair
80,stair
193,bwstair
154,test-1-nps
76,estair
236,jan
218,stair
239,bil
186,shstair
126,shbwstair
228,jak
92,hstair
119,bwstair
213,bil
204,estair
130,estair
201,noa
48,estair
159,estair
177,mat
95,shbwstair
197,hang
142,mat
39,jan
131,mat
197,joe
73,shbwstair
239,bwstair
35,hang
145,hbwstair
43,bil
120,joe
34,shbwstair
150,joe
92,shstair
145,ebwstair
174,ebwstair
77,ebwstair
135,estair
151,test-1-nps
100,stair
187,hbwstair
57,noa
231,shstair
132,jak
146,noa
114,bil
102,noa
225,bwstair
188,test-1-nps
144,jak
217,bwstair
211,noa
44,ebwstair
106,estair
226,noa
212,stair
99,hbwstair
49,jak
136,test-1-nps
154,hang
122,bil
42,jan
147,hbwstair
227,stair
116,hstair
49,ebwstair
112,jan
193,shbwstair
73,shbwstair
122,jan
183,shbwstair
57,jan
182,shstair
64,ebwstair
122,jak
202,ebwstair
117,jak
140,jak
110,noa
57,jan
139,ebwstair
47,bil
157,hbwstair
40,jan
160,joe
165,joe
127,bwstair
66,hang
127,hang
72,jak
135,shbwstair
71,bil
193,test-1-nps
44,bwstair
222,hstair
198,estair
164,shbwstair
143,mat
97,shbwstair
111,jak
186,mat
94,hstair
226,hbwstair
44,estair
185,joe
196,stair
86,noa
119,ebwstair
54,shbwstair
219,joe
66,noa
78,bil
87,shbwstair
164,hang
87,hbwstair
169,jan
144,bil
101,jak
161,estair
112,estair
95,jan
227,shbwstair
163,hang
50,hang
224,jak
98,noa
211,jak
168,hbwstair
110,hang
172,stair
63,jan
82,hbwstair
99,estair
155,hbwstair
84,hbwstair
107,jan
82,estair
50,hbwstair
41,bwstair
151,estair
206,jan
176,bil
66,ebwstair
126,ebwstair
42,bil
158,stair
189,hbwstair
209,jak
53,bil
80,mat
109,bil
233,hang
38,joe
110,jak
146,ebwstair
237,bwstair
235,hbwstair
159,jan
35,joe
62,joe
229,shbwstair
55,hstair
101,joe
33,hang
208,ebwstair
97,estair
146,hbwstair
148,jan
152,ebwstair
179,estair
103,shstair
136,mat
62,hang
45,noa
151,hbwstair
153,jan
152,hstair
44,mat
231,shstair
90,jan
103,jak
203,test-1-nps
114,jak
113,mat
198,test-1-nps
151,hstair
61,estair
205,joe
38,ebwstair
63,hbwstair
65,bil
48,shbwstair
34,jak
134,hbwstair
193,estair
52,estair
139,joe
133,joe
120,hbwstair
173,jan
188,stair
172,hstair
200,shbwstair
65,hang
49,noa
138,jak
144,hang
208,test-1-nps
55,hstair
86,shbwstair
64,test-1-nps
36,hang
97,joe
118,stair
119,ebwstair
135,jan
48,bwstair
215,bwstair
208,stair
183,jak
87,stair
220,estair
37,stair
68,jan
212,jak
100,hbwstair
122,shbwstair
154,hstair
93,jak
238,hbwstair
225,hstair
231,bil
168,joe
168,hang
156,shbwstair
36,estair
203,ebwstair
129,jan
181,bil
127,bil
102,noa
128,jak
201,bil
203,shbwstair
178,noa
185,bwstair
197,hang
99,hang
62,stair
55,bwstair
226,estair
139,bil
225,jak
74,hbwstair
111,joe
75,hbwstair
49,joe
179,test-1-nps
222,noa
39,test-1-nps
136,jak
112,ebwstair
208,hstair
114,noa
165,stair
232,test-1-nps
152,hbwstair
157,bwstair
182,shbwstair
148,hstair
34,test-1-nps
212,hang
125,shbwstair
151,bwstair
118,jak
171,test-1-nps
100,hstair
101,stair
64,hang
148,shstair
174,jak
189,ebwstair
149,shstair
205,noa
197,jak
51,hstair
198,bil
192,jak
161,jan
45,shbwstair
203,hbwstair
83,test-1-nps
233,hang
44,estair
106,shbwstair
196,estair
81,estair
202,mat
195,ebwstair
174,stair
237,bwstair
98,jak
152,stair
129,joe
87,hang
185,hbwstair
170,shbwstair
34,hstair
40,hstair
77,test-1-nps
186,estair
172,shstair
214,hbwstair
57,bwstair
232,shbwstair
219,jan
217,ebwstair
62,shbwstair
58,noa
187,shstair
160,shbwstair
97,hstair
52,hang
209,noa
68,joe
124,test-1-nps
189,shbwstair
127,shbwstair
226,estair
204,noa
208,hbwstair
194,bil
198,joe
52,hang
155,bil
154,bwstair
88,noa
117,mat
31,hbwstair
159,ebwstair
145,jan
204,stair
50,bil
189,estair
35,bwstair
55,noa
182,hang
33,bil
223,hang
112,jan
127,shstair
36,hstair
218,joe
187,noa
238,shbwstair
147,noa
84,joe
155,mat
224,stair
231,ebwstair
68,stair
125,bwstair
86,hang
93,mat
114,ebwstair
137,hbwstair
220,estair
217,hstair
239,hstair
194,joe
209,hbwstair
227,noa
207,shbwstair
177,hang
179,hstair
119,estair
175,estair
197,bil
219,shbwstair
236,joe
164,test-1-nps
223,stair
50,stair
62,test-1-nps
102,joe
154,mat
186,shstair
188,shbwstair
95,shbwstair
157,noa
82,bil
102,bwstair
60,hbwstair
31,hbwstair
35,bwstair
111,hstair
121,ebwstair
111,jak
123,hang
201,hang
118,hbwstair
239,noa
173,bwstair
94,estair
191,test-1-nps
37,shbwstair
174,estair
225,mat
192,test-1-nps
127,estair
203,noa
170,hbwstair
239,mat
66,test-1-nps
49,bil
181,ebwstair
180,joe
163,joe
158,shstair
88,noa
164,bwstair
41,test-1-nps
111,hstair
211,jan
77,mat
43,stair
61,hstair
79,mat
202,noa
214,estair
53,shstair
230,jan
174,bil
62,bil
231,estair
194,jan
105,test-1-nps
103,estair
108,joe
100,noa
126,jak
227,bwstair
177,estair
183,shbwstair
213,stair
129,jak
159,mat
123,joe
120,jak
223,ebwstair
41,bwstair
51,jak
145,jan
43,joe
134,shbwstair
192,bwstair
182,joe
46,estair
178,shbwstair
49,estair
225,estair
139,hbwstair
32,bwstair
55,joe
118,jan
164,stair
88,noa
131,mat
139,joe
88,hbwstair
174,shstair
70,ebwstair
115,shbwstair
202,ebwstair
201,estair
62,hstair
137,hang
119,shstair
105,jan
140,shstair
189,mat
97,joe
144,jan
185,bil
212,jan
121,joe
113,jan
82,stair
68,hbwstair
127,jan
225,hang
107,mat
46,bwstair
113,hstair
32,test-1-nps
39,hbwstair
171,jan
99,hstair
161,test-1-nps
213,estair
96,hang
208,shstair
69,shbwstair
52,joe
209,jak
43,test-1-nps
135,hstair
112,jak
197,hang
228,shbwstair
99,shstair
191,shbwstair
210,estair
80,noa
58,shstair
238,bil
192,bil
197,estair
147,mat
148,shbwstair
152,stair
101,hbwstair
239,ebwstair
197,ebwstair
38,bwstair
122,jak
200,noa
84,ebwstair
158,stair
110,test-1-nps
55,jak
187,bwstair
35,test-1-nps
237,jak
126,jak
140,ebwstair
30,test-1-nps
103,jan
197,joe
33,jan
159,mat
234,bil
149,shstair
137,stair
76,jan
212,ebwstair
214,bwstair
129,noa
149,hbwstair
59,mat
216,mat
129,hang
48,test-1-nps
97,shbwstair
119,test-1-nps
31,ebwstair
159,bil
191,jak
184,jak
116,stair
112,bil
167,hbwstair
207,hbwstair
182,hstair
30,hbwstair
201,jan
220,estair
72,shstair
38,joe
198,shbwstair
187,stair
98,bwstair
42,hang
124,test-1-nps
174,hang
99,stair
151,ebwstair
168,jak
129,jan
161,ebwstair
231,bwstair
139,hstair
65,stair
140,hstair
33,jak
38,hstair
36,hbwstair
193,bil
156,ebwstair
198,hbwstair
41,mat
142,ebwstair
37,ebwstair
118,jak
131,joe
186,shstair
110,ebwstair
102,jan
234,jak
145,joe
58,hbwstair
166,shbwstair
63,ebwstair
86,hbwstair
71,bwstair
157,mat
60,bwstair
96,shbwstair
59,jak
84,estair
103,test-1-nps
197,bwstair
118,noa
201,hbwstair
94,bwstair
55,hbwstair
40,ebwstair
104,hbwstair
204,test-1-nps
64,shbwstair
191,mat
207,hbwstair
197,hang
158,jak
163,hang
113,hang
110,estair
60,shbwstair
32,bil
134,stair
159,test-1-nps
225,stair
98,bil
98,bwstair
203,bwstair
161,joe
151,estair
205,bwstair
45,shstair
65,mat
85,hang
62,estair
218,bil
230,hstair
77,jak
127,jak
111,hang
44,hbwstair
200,joe
133,shbwstair
165,hang
87,shstair
198,mat
149,bil
158,joe
133,jak
137,hang
80,hstair
205,shstair
220,jak
199,estair
138,ebwstair
189,shstair
197,joe
128,bwstair
114,hang
104,bwstair
54,jak
99,jan
90,hstair
51,hang
143,shbwstair
154,ebwstair
116,hstair
92,hang
64,estair
237,ebwstair
87,jak
164,bil
144,hbwstair
94,joe
223,hbwstair
37,shstair
108,ebwstair
174,test-1-nps
98,bwstair
210,hbwstair
236,noa
202,test-1-nps
177,estair
36,test-1-nps
38,shstair
174,test-1-nps
179,jak
124,hstair
169,joe
49,noa
98,hstair
166,test-1-nps
225,jan
122,hstair
64,hstair
175,estair
41,test-1-nps
91,hbwstair
147,bwstair
203,joe
228,ebwstair
225,test-1-nps
104,test-1-nps
97,bil
49,test-1-nps
152,joe
239,hstair
210,bil
178,hstair
95,test-1-nps
67,hang
100,hstair
196,hang
52,estair
188,hang
59,shbwstair
226,hbwstair
133,mat
141,ebwstair
233,jan
118,mat
139,estair
229,mat
120,ebwstair
37,stair
222,mat
235,jan
39,shstair
96,joe
101,jan
180,hstair
212,estair
71,jan
118,hbwstair
183,hang
235,hang
31,hbwstair
93,shstair
160,test-1-nps
208,estair
119,jan
49,bwstair
145,bwstair
143,ebwstair
64,bwstair
42,noa
134,mat
109,shstair
170,hstair
44,jak
213,estair
121,joe
226,hang
207,bwstair
126,hstair
108,test-1-nps
76,bwstair
134,bil
236,hbwstair
42,bwstair
98,shbwstair
52,ebwstair
105,hstair
101,shstair
32,hbwstair
122,jak
95,hstair
66,hbwstair
217,stair
48,noa
224,estair
118,shstair
45,hstair
59,hang
148,hang
148,bil
146,ebwstair
180,jan
221,hbwstair
35,bwstair
215,hang
158,jak
53,bil
68,hang
51,jan
56,bwstair
206,hang
208,hang
92,noa
67,shstair
113,jan
57,hbwstair
49,jak
62,jak
115,estair
187,jak
145,shbwstair
70,mat
184,shstair
71,hstair
181,test-1-nps
176,test-1-nps
156,joe
167,noa
199,ebwstair
204,stair
184,joe
187,hang
30,hbwstair
86,hstair
88,joe
70,hbwstair
84,test-1-nps
128,shstair
232,jan
82,hstair
86,jak
48,joe
140,jak
191,noa
71,shbwstair
79,joe
96,hbwstair
234,mat
216,bil
238,shbwstair
165,bil
92,estair
38,mat
201,estair
109,bwstair
131,hstair
58,mat
48,mat
170,joe
84,noa
69,hstair
189,hbwstair
110,bwstair
150,shstair
82,hstair
68,stair
37,hbwstair
194,bwstair
171,hstair
130,ebwstair
119,hbwstair
113,ebwstair
104,noa
45,joe
130,hang
61,hbwstair
168,joe
171,hang
207,jan
121,bil
203,stair
98,shstair
60,bwstair
69,hstair
32,test-1-nps
209,shbwstair
132,estair
122,mat
96,mat
159,shbwstair
232,stair
209,shbwstair
158,hbwstair
221,mat
31,shbwstair
148,stair
229,mat
134,hbwstair
179,jak
72,jak
50,hbwstair
225,joe
229,test-1-nps
97,shbwstair
201,bwstair
52,shbwstair
116,ebwstair
61,ebwstair
83,mat
59,estair
91,joe
134,ebwstair
53,hbwstair
222,test-1-nps
181,shstair
93,ebwstair
68,hbwstair
233,shstair
192,bil
82,stair
204,jak
157,hang
60,ebwstair
229,shbwstair
208,hbwstair
64,noa
217,jan
149,jan
209,noa
239,hang
194,jan
72,hbwstair
85,ebwstair
185,joe
160,shstair
88,ebwstair
90,mat
171,shstair
128,noa
151,estair
122,hstair
107,bil
79,shbwstair
95,mat
150,mat
111,hbwstair
233,hang
32,hstair
32,hstair
54,hstair
229,shstair
127,hstair
151,ebwstair
164,jan
225,hstair
110,bwstair
216,jan
45,jak
101,test-1-nps
56,joe
125,joe
69,noa
230,ebwstair
177,mat
176,hstair
233,hang
97,noa
217,jan
219,joe
128,bil
48,hang
202,shstair
90,test-1-nps
121,hbwstair
209,estair
36,noa
120,bwstair
49,hang
69,bil
154,test-1-nps
219,estair
215,stair
164,jak
221,jak
51,jak
91,stair
62,ebwstair
94,mat
142,test-1-nps
161,hstair
152,hbwstair
84,shbwstair
65,stair
188,joe
111,jan
66,stair
55,shstair
49,ebwstair
191,hang
80,hbwstair
31,mat
33,hstair
222,shstair
172,hang
111,stair
209,shstair
215,jak
62,noa
84,test-1-nps
188,hbwstair
159,shstair
155,bil
197,shstair
66,estair
114,noa
131,estair
48,shstair
98,shstair
182,jak
99,mat
224,estair
200,shbwstair
208,bil
150,noa
178,bwstair
200,estair
116,stair
166,hang
199,mat
188,estair
206,hbwstair
67,noa
179,bwstair
78,stair
98,jan
119,hbwstair
112,hbwstair
123,shbwstair
193,jan
56,shstair
239,hbwstair
235,hbwstair
146,ebwstair
148,joe
198,bwstair
156,bil
175,test-1-nps
127,hstair
135,jak
156,test-1-nps
182,bil
189,jak
63,ebwstair
122,test-1-nps
211,shstair
43,bwstair
37,stair
81,ebwstair
59,shbwstair
121,hang
170,shbwstair
204,hbwstair
132,shstair
135,joe
59,jak
95,ebwstair
44,hstair
126,bwstair
52,shstair
143,hstair
126,hstair
189,bil
164,mat
158,hbwstair
33,bwstair
202,jan
235,jan
135,hstair
172,bil
178,ebwstair
139,mat
31,shbwstair
85,bil
31,estair
78,shbwstair
147,mat
68,estair
206,joe
211,hang
159,test-1-nps
75,bwstair
146,stair
99,bil
166,stair
135,estair
209,hbwstair
109,jak
94,hbwstair
41,hang
82,joe
67,joe
95,hstair
87,ebwstair
174,jak
114,bwstair
94,shbwstair
36,test-1-nps
171,bwstair
96,shstair
126,shstair
176,bil
181,jak
100,hstair
69,joe
40,bwstair
38,shstair
156,hbwstair
196,stair
171,test-1-nps
90,joe
236,hang
98,jan
93,mat
74,hang
207,shstair
80,shbwstair
108,bwstair
186,mat
77,noa
62,ebwstair
185,bil
74,hbwstair
239,test-1-nps
145,stair
83,jan
116,estair
156,bil
42,joe
198,jak
139,shstair
161,noa
37,bwstair
181,noa
149,joe
53,mat
99,ebwstair
93,bil
162,joe
143,mat
232,shbwstair
101,estair
86,hbwstair
65,bwstair
137,jan
224,mat
162,shstair
72,ebwstair
163,hbwstair
137,hang
109,hstair
80,hbwstair
74,bwstair
163,noa
180,bwstair
67,bil
30,noa
88,joe
212,test-1-nps
173,bil
37,bwstair
221,joe
218,hbwstair
82,estair
226,bwstair
160,shstair
75,jak
141,hbwstair
165,mat
180,bil
47,hstair
199,hstair
41,jan
82,hbwstair
38,jak
204,stair
226,hang
106,shstair
129,mat
127,hang
150,shstair
64,hstair
153,hang
231,jan
183,hang
90,jan
198,stair
201,ebwstair
92,shstair
231,hbwstair
106,bwstair
119,ebwstair
200,hstair
170,shbwstair
89,mat
81,bwstair
41,shstair
177,ebwstair
188,bil
108,shstair
199,shstair
102,joe
32,ebwstair
131,mat
59,test-1-nps
215,jan
179,shstair
199,bwstair
31,stair
48,hbwstair
232,hstair
125,test-1-nps
138,ebwstair
135,shbwstair
53,hbwstair
99,bil
212,shbwstair
183,hstair
151,jak
93,hstair
223,hstair
238,shstair
222,noa
101,hstair
118,shbwstair
165,jak
201,jan
179,hbwstair
189,ebwstair
222,bwstair
226,hbwstair
199,bwstair
48,noa
40,noa
63,stair
190,estair
96,hbwstair
231,estair
55,bwstair
165,mat
97,ebwstair
186,shbwstair
235,shstair
155,stair
62,stair
187,shstair
59,jak
146,bwstair
219,bwstair
55,mat
111,bil
128,ebwstair
148,bil
145,bil
58,jak
104,test-1-nps
153,hbwstair
163,noa
169,stair
201,joe
148,ebwstair
94,hang
121,test-1-nps
191,bwstair
52,bil
214,bwstair
177,mat
200,shbwstair
225,shstair
125,jak
223,hang
142,shbwstair
222,stair
107,mat
93,hbwstair
74,bil
56,noa
149,joe
233,estair
124,stair
166,hang
151,ebwstair
196,shbwstair
58,estair
192,shbwstair
215,joe
39,mat
205,hbwstair
195,ebwstair
137,jak
224,shstair
67,shbwstair
150,hbwstair
147,hstair
187,test-1-nps
177,hang
214,bil
147,shbwstair
84,stair
174,hang
230,estair
64,shstair
146,jan
80,estair
129,joe
55,bil
123,hbwstair
127,jak
179,estair
48,bil
160,joe
185,joe
143,estair
73,bil
188,hbwstair
218,test-1-nps
98,test-1-nps
48,hbwstair
195,bil
40,shstair
196,hang
166,hang
231,shstair
200,joe
206,estair
34,shbwstair
83,hbwstair
208,mat
102,hstair
159,hang
60,estair
88,test-1-nps
31,jan
202,bil
62,test-1-nps
139,estair
101,shbwstair
151,joe
68,estair
237,test-1-nps
131,ebwstair
198,jak
49,bwstair
237,shstair
210,ebwstair
87,estair
109,joe
57,stair
94,ebwstair
145,shstair
84,hbwstair
55,jak
105,hstair
169,bwstair
207,jak
221,joe
179,jak
165,hang
30,stair
213,stair
193,noa
40,estair
165,jan
237,mat
126,joe
206,test-1-nps
37,shstair
63,noa
97,stair
162,test-1-nps
111,jak
36,hang
70,stair
62,bwstair
144,hang
163,bil
82,noa
57,noa
43,mat
138,shstair
222,jan
232,bil
224,ebwstair
73,estair
48,hstair
162,joe
197,hbwstair
114,shbwstair
171,joe
140,test-1-nps
125,ebwstair
143,hang
221,mat
106,hang
237,hbwstair
87,bil
198,shstair
127,hang
151,hbwstair
134,stair
100,ebwstair
175,shbwstair
171,shstair
147,hbwstair
201,hang
82,stair
165,bil
187,estair
222,test-1-nps
49,bwstair
108,hbwstair
155,hang
92,ebwstair
76,estair
168,shstair
136,shstair
236,shstair
205,shbwstair
198,shstair
39,hbwstair
39,stair
192,bwstair
71,bwstair
83,jan
90,test-1-nps
194,estair
160,hang
31,estair
224,mat
191,bwstair
175,noa
169,noa
173,hstair
47,shbwstair
122,jan
82,jan
106,ebwstair
208,hbwstair
45,hbwstair
189,jan
154,joe
58,estair
237,jak
233,joe
80,noa
190,estair
210,shstair
45,shbwstair
189,hbwstair
85,estair
160,jan
177,jan
133,jak
191,test-1-nps
154,mat
63,jan
46,jak
112,ebwstair
226,estair
114,noa
187,bwstair
199,ebwstair
32,bwstair
176,hbwstair
224,noa
122,joe
121,test-1-nps
230,joe
84,estair
192,jak
39,ebwstair
143,hstair
118,noa
194,hbwstair
112,estair
161,estair
187,shstair
93,mat
65,test-1-nps
232,shstair
150,shbwstair
148,estair
47,mat
168,joe
223,joe
54,stair
159,ebwstair
182,hstair
48,bil
65,test-1-nps
229,test-1-nps
83,hstair
99,bwstair
167,test-1-nps
74,stair
239,ebwstair
107,stair
197,hang
220,stair
154,estair
124,joe
74,jan
204,joe
54,mat
130,joe
55,estair
188,ebwstair
118,bwstair
151,estair
231,hstair
66,noa
164,ebwstair
40,hang
93,joe
229,mat
171,jak
101,estair
185,mat
203,stair
58,noa
152,hang
125,test-1-nps
92,bwstair
87,bil
118,joe
207,jan
238,jan
133,hang
94,stair
227,shstair
229,test-1-nps
218,jan
196,jak
159,mat
124,estair
132,hang
187,hstair
155,hstair
145,test-1-nps
154,shbwstair
43,shbwstair
77,bwstair
123,ebwstair
102,bwstair
45,shbwstair
146,bwstair
210,hbwstair
201,noa
70,jan
104,joe
154,stair
230,joe
189,joe
43,ebwstair
130,bwstair
140,estair
172,shstair
129,mat
223,jan
198,hstair
83,jak
78,ebwstair
133,stair
181,stair
34,hang
63,estair
169,hbwstair
144,joe
32,jak
113,hstair
170,noa
78,bil
168,shbwstair
122,bil
237,stair
109,estair
200,stair
222,ebwstair
235,jak
72,hstair
161,hbwstair
132,joe
139,estair
89,jan
173,estair
237,jan
175,hang
180,noa
94,hbwstair
176,ebwstair
36,bwstair
213,mat
214,test-1-nps
134,stair
170,joe
205,stair
120,shstair
175,noa
234,hbwstair
167,test-1-nps
199,ebwstair
71,stair
219,jak
232,shbwstair
228,shbwstair
178,estair
134,ebwstair
155,bwstair
173,shstair
237,hbwstair
74,noa
130,shstair
232,jak
95,ebwstair
143,jak
104,noa
89,test-1-nps
172,noa
52,hstair
140,hbwstair
202,bwstair
153,test-1-nps
131,stair
125,hstair
195,hstair
234,hbwstair
70,estair
193,mat
191,jan
222,jan
189,estair
176,bwstair
60,mat
58,bil
66,bwstair
174,hang
235,mat
68,bil
221,mat
207,noa
73,stair
152,shbwstair
192,ebwstair
144,mat
33,noa
65,hbwstair
176,shstair
138,joe
156,test-1-nps
70,bil
227,shstair
68,mat
207,hstair
228,shbwstair
62,shstair
193,mat
95,hang
71,shstair
219,stair
226,bil
79,noa
84,hang
60,bil
140,shstair
116,hbwstair
91,ebwstair
68,hstair
144,mat
42,stair
34,noa
79,jak
174,hang
144,noa
175,jan
122,bwstair
92,stair
55,hang
237,bil
99,hang
206,stair
61,estair
70,jak
134,estair
95,estair
77,hang
144,joe
118,hbwstair
231,noa
131,bil
120,noa
155,bil
47,hang
111,hbwstair
145,jan
189,mat
102,stair
103,joe
109,estair
133,bwstair
87,jak
153,hang
109,hbwstair
136,mat
148,test-1-nps
85,jan
170,jan
63,mat
140,hstair
58,bil
199,hbwstair
204,noa
156,hbwstair
193,test-1-nps
122,jak
52,hang
78,joe
37,hang
186,shstair
234,shbwstair
49,joe
204,shstair
40,hang
54,bwstair
187,hstair
187,bil
116,joe
65,shstair
67,stair
116,bil
201,stair
57,mat
38,hbwstair
58,jan
205,bwstair
88,estair
193,hstair
225,estair
131,hbwstair
107,noa
135,hbwstair
124,bwstair
38,jak
223,jan
32,mat
94,joe
179,hang
143,shstair
66,shstair
69,bil
98,ebwstair
60,jak
117,stair
150,shstair
237,hbwstair
189,ebwstair
148,shbwstair
225,shstair
66,noa
83,jan
63,bwstair
79,test-1-nps
176,jan
102,bwstair
232,shstair
94,bwstair
204,bil
178,ebwstair
223,bwstair
37,hbwstair
106,hbwstair
100,hang
201,hang
66,stair
174,bwstair
41,test-1-nps
180,hstair
184,bwstair
230,hbwstair
55,test-1-nps
81,mat
123,hang
101,jan
223,joe
42,jan
132,ebwstair
229,hbwstair
75,mat
77,shstair
168,bil
86,shstair
238,shstair
148,bil
80,stair
151,estair
165,hang
32,shstair
118,test-1-nps
209,shbwstair
173,hbwstair
235,estair
68,ebwstair
145,shstair
160,test-1-nps
231,shbwstair
205,estair
79,bwstair
86,stair
201,hbwstair
66,ebwstair
68,bwstair
182,noa
76,hang
167,jan
124,shstair
182,stair
185,shstair
86,estair
198,joe
49,hbwstair
87,stair
38,jan
198,bil
72,bwstair
104,noa
211,hang
158,test-1-nps
99,shbwstair
216,stair
92,bwstair
180,test-1-nps
52,test-1-nps
180,hbwstair
73,jak
226,hang
204,jan
135,mat
83,hang
147,noa
77,shstair
191,hang
125,ebwstair
56,bwstair
38,mat
221,estair
108,test-1-nps
35,test-1-nps
103,hang
83,test-1-nps
200,estair
115,jak
110,jak
217,jan
231,mat
50,hstair
161,joe
195,hbwstair
234,jak
175,estair
95,hstair
184,jak
152,jan
120,stair
108,jan
61,jan
58,joe
199,bil
58,noa
40,hbwstair
130,mat
232,estair
150,bil
30,hstair
148,jak
40,noa
142,hbwstair
213,shbwstair
190,shstair
219,test-1-nps
217,shbwstair
122,ebwstair
115,stair
75,bwstair
64,hbwstair
133,hang
223,shbwstair
207,ebwstair
64,hstair
88,bil
137,shbwstair
218,bwstair
54,jan
172,test-1-nps
174,jak
139,joe
150,test-1-nps
174,ebwstair
85,bwstair
113,noa
194,joe
51,noa
204,joe
183,shstair
154,mat
149,estair
155,jan
130,noa
229,bwstair
34,jak
63,joe
112,test-1-nps
64,ebwstair
208,shbwstair
163,estair
91,ebwstair
204,bil
74,hstair
84,test-1-nps
121,bwstair
208,noa
200,estair
42,hstair
137,hstair
179,shbwstair
218,estair
109,hang
89,shbwstair
102,hang
118,shstair
157,bwstair
209,hbwstair
234,ebwstair
209,mat
34,jak
139,noa
154,mat
109,hbwstair
120,hang
106,mat
209,shbwstair
144,jak
86,hstair
127,estair
177,bil
63,estair
213,bwstair
226,jan
184,bil
200,hstair
222,jan
72,bil
163,shstair
139,bwstair
84,noa
172,stair
219,stair
161,jak
233,shbwstair
235,stair
208,shstair
31,ebwstair
112,bil
108,shstair
33,jan
138,hbwstair
57,estair
69,shstair
191,noa
207,jak
53,shstair
46,shbwstair
55,noa
77,bwstair
174,test-1-nps
47,mat
59,jak
39,joe
87,shstair
150,hbwstair
167,shstair
130,hang
138,hang
69,noa
219,joe
57,shstair
128,noa
65,jan
50,jak
50,hbwstair
82,shstair
100,joe
162,test-1-nps
48,bwstair
60,mat
115,bwstair
58,bil
84,stair
101,noa
124,stair
139,estair
75,mat
153,estair
82,estair
151,hbwstair
98,shbwstair
229,joe
35,bil
123,bwstair
96,mat
173,jan
204,joe
53,test-1-nps
131,shstair
102,jan
80,bwstair
172,bwstair
73,jak
238,hang
33,jak
156,jak
58,hang
56,hstair
123,jan
69,joe
85,noa
186,jak
124,ebwstair
59,jak
82,ebwstair
65,ebwstair
30,test-1-nps
103,bwstair
99,shbwstair
189,test-1-nps
233,bwstair
111,jak
38,jan
127,test-1-nps
194,mat
146,hbwstair
74,ebwstair
202,test-1-nps
127,jan
161,joe
34,stair
141,mat
235,jak
139,bil
191,bwstair
173,shstair
177,mat
97,ebwstair
128,shbwstair
179,shbwstair
122,bwstair
187,hbwstair
104,noa
107,hbwstair
196,estair
119,estair
150,hang
208,estair
162,hbwstair
142,stair
107,bwstair
52,jan
144,jan
107,joe
215,bil
140,stair
49,ebwstair
136,estair
181,ebwstair
146,estair
188,mat
116,mat
79,shstair
40,shbwstair
54,shbwstair
104,hang
58,noa
66,test-1-nps
234,hbwstair
70,test-1-nps
91,hstair
42,test-1-nps
156,shstair
215,bwstair
74,estair
197,ebwstair
88,hang
205,noa
101,noa
106,hang
130,shstair
145,test-1-nps
32,test-1-nps
238,mat
69,estair
190,stair
82,mat
62,test-1-nps
233,bil
83,bwstair
87,shstair
60,bwstair
124,shbwstair
133,hang
32,shstair
229,bwstair
211,shbwstair
229,stair
205,jan
89,noa
111,ebwstair
58,hstair
108,joe
239,shstair
109,hstair
183,noa
125,hstair
58,jak
158,jak
221,hstair
47,hstair
231,ebwstair
170,hbwstair
170,hang
199,hstair
126,bwstair
174,bil
213,bil
139,stair
208,ebwstair
186,estair
194,jak
138,bil
76,mat
104,joe
237,stair
44,jan
68,bil
157,ebwstair
110,shstair
72,shbwstair
172,jak
230,bwstair
51,estair
50,test-1-nps
52,hang
176,bil
156,bil
237,bil
47,noa
90,bil
176,hstair
229,test-1-nps
53,stair
102,estair
142,jak
137,bwstair
109,jak
230,hbwstair
168,hang
134,shstair
70,estair
93,test-1-nps
150,hang
108,bwstair
97,test-1-nps
138,stair
88,hbwstair
213,bwstair
208,jan
86,test-1-nps
97,ebwstair
137,noa
48,ebwstair
119,stair
164,estair
75,bil
61,jan
146,mat
111,bwstair
221,test-1-nps
116,hstair
238,hbwstair
115,hang
64,shbwstair
139,stair
196,joe
131,test-1-nps
74,test-1-nps
225,shstair
56,jan
34,stair
37,test-1-nps
118,joe
135,jak
151,test-1-nps
216,hang
32,hbwstair
93,shbwstair
113,shstair
205,estair
36,estair
160,bil
49,joe
123,joe
204,test-1-nps
195,jak
143,noa
94,bwstair
187,hang
157,jan
130,bil
149,noa
163,joe
53,hstair
143,jan
235,hstair
87,estair
153,hstair
226,hstair
185,estair
214,noa
219,hang
221,ebwstair
103,hbwstair
159,noa
127,noa
138,shstair
90,stair
50,shbwstair
211,estair
232,shbwstair
108,bil
217,bwstair
90,hstair
173,jak
77,jak
93,shstair
196,shbwstair
182,bwstair
115,shbwstair
30,hang
100,stair
66,joe
99,jak
72,bil
66,bwstair
178,hstair
234,hstair
238,bwstair
130,jak
95,joe
201,noa
142,jan
96,bil
176,shbwstair
102,jan
97,joe
107,bil
38,bil
83,mat
60,hbwstair
191,hbwstair
120,hang
223,hbwstair
93,hbwstair
151,bil
76,stair
119,shstair
65,jak
115,hbwstair
204,jan
51,shstair
38,shbwstair
146,estair
186,shbwstair
170,mat
121,hstair
44,jan
220,hang
61,joe
163,hang
147,estair
37,joe
210,hstair
132,hbwstair
189,hang
77,jan
196,hbwstair
163,hang
139,shstair
122,estair
178,test-1-nps
187,noa
89,test-1-nps
32,estair
141,shbwstair
57,joe
175,hbwstair
205,joe
152,hbwstair
144,joe
35,shstair
58,ebwstair
41,shbwstair
41,jak
134,jak
161,test-1-nps
195,hang
91,mat
208,test-1-nps
31,ebwstair
105,ebwstair
131,noa
37,ebwstair
54,stair
79,hang
181,mat
94,joe
67,stair
37,hbwstair
53,noa
73,hbwstair
80,jak
145,estair
210,jan
154,hbwstair
60,hstair
205,bil
151,stair
176,shstair
164,jan
142,joe
156,estair
132,ebwstair
228,test-1-nps
239,jan
206,joe
205,bwstair
118,hbwstair
153,hbwstair
43,estair
212,hang
145,hang
223,test-1-nps
31,estair
67,hstair
123,estair
146,hbwstair
91,jan
134,bil
80,test-1-nps
174,jak
215,noa
111,shbwstair
219,noa
101,jak
217,estair
87,joe
30,jak
181,hbwstair
236,mat
91,ebwstair
112,bil
125,bil
201,bil
186,joe
153,hbwstair
143,test-1-nps
185,hbwstair
79,shbwstair
60,test-1-nps
105,mat
140,joe
93,estair
209,jak
55,noa
206,hang
128,test-1-nps
205,shstair
61,bwstair
213,shbwstair
75,hang
54,shstair
233,joe
89,joe
135,test-1-nps
99,stair
124,noa
101,shstair
82,bwstair
222,hang
52,hang
68,bwstair
89,stair
172,hbwstair
226,stair
183,hstair
106,shstair
73,jan
126,jan
139,estair
42,test-1-nps
165,ebwstair
190,shstair
69,shstair
188,hang
125,joe
97,joe
130,joe
48,jan
229,ebwstair
92,bil
89,mat
151,jak
55,bwstair
79,test-1-nps
105,shbwstair
217,jan
133,shbwstair
121,joe
92,ebwstair
164,bil
193,stair
30,jak
206,estair
35,test-1-nps
192,mat
160,jan
133,joe
204,bil
178,joe
99,mat
128,noa
210,jan
95,bwstair
175,shstair
233,hang
83,noa
69,mat
218,hang
121,noa
31,hang
119,test-1-nps
97,hbwstair
149,jan
213,shbwstair
177,bil
220,test-1-nps
195,hbwstair
124,bwstair
163,bil
132,hstair
53,ebwstair
137,estair
165,mat
218,jak
78,hbwstair
228,bwstair
85,bil
147,bil
222,shstair
196,test-1-nps
232,estair
134,jan
137,joe
150,bil
199,mat
62,jan
112,hbwstair
161,joe
169,mat
170,estair
215,joe
160,ebwstair
181,bwstair
124,joe
59,jak
203,jan
227,jan
81,test-1-nps
112,shstair
39,bil
68,shstair
176,hbwstair
110,hang
160,shbwstair
86,joe
208,hang
185,test-1-nps
104,joe
169,hbwstair
175,jak
217,shstair
184,bwstair
93,ebwstair
85,estair
165,test-1-nps
189,joe
190,mat
95,shstair
156,stair
171,hstair
225,joe
225,joe
107,shstair
172,joe
151,shbwstair
200,bil
197,joe
89,jak
134,hang
201,jak
137,shstair
217,jan
194,estair
134,bwstair
219,hang
73,jak
167,jan
198,bwstair
205,hang
48,shbwstair
109,jak
178,mat
112,estair
58,noa
98,ebwstair
81,hang
35,bil
30,joe
114,hbwstair
82,hang
215,estair
111,hang
48,hang
141,hbwstair
155,jan
115,shstair
76,shstair
50,hang
68,bil
153,shstair
158,bil
163,shstair
58,shstair
226,noa
76,shstair
136,shstair
119,stair
235,test-1-nps
238,bwstair
111,shstair
90,hang
55,bwstair
143,mat
127,stair
234,estair
147,bwstair
101,hbwstair
142,jak
117,test-1-nps
224,mat
237,ebwstair
164,shbwstair
107,joe
111,shstair
223,mat
75,hbwstair
84,estair
219,bwstair
222,shstair
162,jan
121,bil
233,hang
199,noa
148,hstair
194,joe
176,jak
132,estair
47,noa
226,stair
170,ebwstair
49,shstair
197,jan
42,shstair
38,stair
117,jan
224,stair
91,jan
181,hang
87,shbwstair
96,stair
116,ebwstair
80,test-1-nps
120,shstair
104,stair
219,joe
189,mat
80,ebwstair
167,shbwstair
83,estair
32,hbwstair
180,stair
212,mat
58,shstair
93,noa
236,ebwstair
84,shbwstair
108,shbwstair
212,test-1-nps
225,mat
30,shbwstair
224,jak
229,noa
219,hstair
180,hang
120,hstair
149,jak
201,ebwstair
151,estair
146,hbwstair
197,hstair
122,jak
223,jak
146,bwstair
82,jan
143,ebwstair
59,jan
136,noa
226,noa
69,hang
211,noa
115,shbwstair
153,noa
92,stair
189,stair
60,bwstair
76,jak
40,hang
147,hang
35,stair
178,estair
32,shstair
208,shstair
210,joe
166,hang
151,hstair
200,hbwstair
123,shstair
90,shbwstair
156,bwstair
178,hstair
103,estair
155,ebwstair
109,ebwstair
75,test-1-nps
166,mat
216,noa
205,shbwstair
62,joe
118,ebwstair
46,noa
234,hbwstair
223,hstair
131,bil
49,shbwstair
202,shstair
94,test-1-nps
70,bwstair
229,bil
180,hstair
154,jan
182,bwstair
153,jan
211,hang
207,bwstair
217,joe
51,noa
104,hbwstair
47,test-1-nps
109,bil
214,hang
68,test-1-nps
234,hstair
142,jak
184,noa
177,mat
114,hang
132,estair
42,stair
73,shbwstair
77,ebwstair
238,hbwstair
46,test-1-nps
89,bil
224,noa
175,bwstair
159,stair
63,noa
195,noa
202,shbwstair
177,ebwstair
211,joe
185,ebwstair
153,estair
191,jan
88,mat
119,jak
109,ebwstair
65,stair
39,jan
222,bwstair
168,stair
163,test-1-nps
153,shstair
78,joe
114,shstair
95,stair
68,stair
218,hstair
52,hstair
230,bwstair
226,hbwstair
213,estair
239,test-1-nps
86,jak
94,shstair
182,stair
216,ebwstair
141,estair
224,hang
138,bil
67,stair
118,shstair
204,shbwstair
212,hang
130,bil
165,hbwstair
89,joe
125,jan
140,hbwstair
91,bil
195,mat
95,jak
228,hbwstair
172,hstair
163,jan
214,hang
200,test-1-nps
134,hstair
48,test-1-nps
159,joe
216,shstair
134,shbwstair
143,shstair
233,shstair
77,joe
156,hstair
108,bil
83,hstair
50,shstair
223,mat
77,estair
49,bwstair
145,ebwstair
214,shbwstair
177,shstair
213,stair
193,stair
106,jan
81,noa
214,joe
207,hstair
174,hbwstair
94,test-1-nps
51,jak
207,test-1-nps
58,mat
219,bwstair
184,shstair
58,estair
48,jan
159,jak
153,jan
232,shbwstair
180,joe
186,stair
169,bil
147,shbwstair
137,mat
228,hstair
225,estair
212,bil
217,jak
231,jan
178,shstair
184,joe
41,stair
54,hstair
119,estair
105,hbwstair
185,estair
184,test-1-nps
134,bwstair
167,stair
95,bwstair
90,shbwstair
57,hang
121,bwstair
229,shbwstair
238,estair
231,bwstair
215,test-1-nps
84,bil
91,ebwstair
66,hbwstair
150,shstair
69,bil
45,jak
95,jan
96,estair
225,bwstair
71,estair
83,hbwstair
83,jak
52,jak
156,hbwstair
155,mat
169,bil
98,test-1-nps
186,ebwstair
78,jan
214,hbwstair
212,estair
184,noa
171,hbwstair
217,mat
137,hang
142,jak
164,jak
59,ebwstair
36,bil
195,jak
67,bil
194,stair
199,estair
116,joe
131,mat
139,hstair
155,joe
57,jan
120,joe
217,jan
198,bil
212,hstair
202,jan
206,joe
180,test-1-nps
193,joe
169,bwstair
103,hang
124,mat
86,shstair
70,shstair
142,stair
99,joe
84,hstair
48,ebwstair
73,mat
122,estair
167,jak
143,mat
179,test-1-nps
164,bil
214,jan
133,jan
31,estair
161,joe
90,shstair
175,noa
49,ebwstair
226,shbwstair
65,shstair
237,ebwstair
122,bil
186,mat
220,shstair
35,test-1-nps
207,hbwstair
235,hstair
186,ebwstair
101,stair
168,joe
74,mat
177,test-1-nps
60,shstair
106,ebwstair
206,test-1-nps
150,shstair
214,hbwstair
173,ebwstair
104,estair
70,joe
136,test-1-nps
95,joe
43,stair
34,hbwstair
77,hang
151,estair
140,bwstair
152,joe
138,joe
81,bil
44,jan
61,jan
163,hang
224,bil
95,stair
210,mat
46,hstair
118,stair
158,joe
216,jan
109,bil
68,noa
188,jan
128,stair
84,jak
65,jak
136,hbwstair
126,shbwstair
157,hbwstair
39,hstair
148,noa
161,shbwstair
76,mat
175,joe
33,hbwstair
93,hstair
74,hbwstair
178,mat
184,test-1-nps
134,hang
116,bil
105,bwstair
159,estair
54,ebwstair
164,shbwstair
69,stair
202,mat
218,shbwstair
49,test-1-nps
175,joe
187,bil
112,hang
68,shbwstair
127,jan
168,shstair
109,estair
177,estair
221,bil
164,bil
225,noa
78,shbwstair
193,jan
219,hbwstair
235,jan
162,hstair
122,jak
160,mat
94,noa
190,bil
132,jak
95,hang
52,shbwstair
48,hang
137,shbwstair
212,hbwstair
94,hstair
200,jan
193,joe
76,shbwstair
43,hbwstair
223,bil
226,hang
188,jan
142,jan
59,test-1-nps
192,jan
138,ebwstair
100,stair
118,noa
66,hang
152,joe
116,hstair
151,stair
128,bwstair
188,hstair
158,joe
224,bil
130,mat
60,stair
83,stair
140,stair
142,shbwstair
224,jan
32,shstair
154,joe
163,noa
32,bil
142,joe
43,stair
63,bil
163,ebwstair
159,ebwstair
181,hbwstair
114,test-1-nps
238,hang
139,noa
44,test-1-nps
99,hbwstair
73,noa
141,joe
141,bwstair
90,jak
123,joe
150,hstair
130,joe
111,stair
239,jan
38,test-1-nps
188,estair
100,hbwstair
63,bil
193,mat
40,joe
231,estair
154,mat
71,hstair
69,mat
39,noa
47,shbwstair
112,bil
50,estair
184,mat
33,joe
204,noa
169,shstair
143,shstair
63,stair
219,noa
142,jan
86,noa
197,noa
194,estair
216,noa
177,estair
129,shstair
165,ebwstair
192,hbwstair
215,noa
154,hang
239,mat
74,ebwstair
66,bil
39,bil
123,mat
162,stair
221,jan
52,estair
81,stair
185,joe
71,bwstair
136,jak
167,joe
68,mat
92,hstair
220,noa
49,estair
96,bwstair
226,bwstair
63,stair
203,ebwstair
78,estair
174,estair
189,jak
169,joe
200,stair
216,estair
167,jan
239,jak
228,jan
124,shbwstair
110,stair
96,mat
87,hang
230,test-1-nps
199,jan
121,bwstair
238,stair
72,test-1-nps
34,jak
126,hstair
191,joe
186,estair
229,bil
134,joe
36,shstair
121,hstair
161,jak
200,bil
169,stair
188,jak
191,hang
184,shbwstair
175,shbwstair
129,noa
79,estair
137,test-1-nps
218,shstair
140,mat
155,stair
143,stair
169,jak
212,jan
167,joe
48,shbwstair
95,mat
209,ebwstair
175,mat
84,hstair
177,hang
45,mat
54,joe
174,hbwstair
222,mat
108,ebwstair
133,hstair
38,bil
57,bil
130,estair
233,ebwstair
219,shstair
127,shbwstair
223,shstair
188,bil
34,shbwstair
30,joe
94,ebwstair
99,hstair
55,bil
107,bwstair
100,stair
200,mat
32,noa
79,joe
233,hstair
184,hstair
72,hbwstair
34,hang
67,jan
99,test-1-nps
199,bil
87,estair
238,shstair
118,jak
180,ebwstair
227,shbwstair
196,hstair
223,mat
143,joe
239,joe
71,hbwstair
211,jan
90,bil
191,hstair
46,hstair
186,ebwstair
173,jak
85,bwstair
97,bwstair
148,ebwstair
35,shstair
154,mat
149,jan
214,bwstair
138,jan
197,hstair
84,shbwstair
179,shstair
207,hang
89,hbwstair
208,hang
50,test-1-nps
182,test-1-nps
149,hang
74,stair
165,test-1-nps
60,ebwstair
225,stair
145,bwstair
129,shstair
37,stair
51,noa
109,shstair
105,hstair
220,test-1-nps
77,mat
223,hang
236,ebwstair
59,bwstair
85,shstair
83,hang
34,noa
92,ebwstair
48,ebwstair
52,hstair
161,stair
203,mat
210,hstair
61,jak
210,estair
198,stair
33,test-1-nps
215,jan
54,noa
88,jan
144,ebwstair
207,hbwstair
230,shstair
180,bil
219,joe
83,jak
65,test-1-nps
181,stair
33,ebwstair
88,stair
211,ebwstair
148,estair
36,shbwstair
128,jan
139,stair
61,hang
67,test-1-nps
128,stair
171,jak
228,mat
98,joe
230,hang
130,jan
205,shbwstair
54,jan
161,hstair
87,hstair
177,ebwstair
127,hstair
225,estair
237,mat
217,estair
64,hstair
109,noa
225,shbwstair
225,joe
101,noa
173,shbwstair
136,joe
67,bil
121,bwstair
32,noa
233,hang
139,hang
47,jak
212,mat
71,shstair
53,jak
76,hang
216,bwstair
228,hang
78,shbwstair
153,joe
116,joe
155,shbwstair
235,mat
163,jan
216,estair
71,noa
77,noa
188,shstair
80,ebwstair
130,hang
173,hstair
38,shbwstair
145,noa
194,hang
211,jak
155,jak
161,ebwstair
213,jan
196,stair
145,hbwstair
59,hang
161,hbwstair
158,joe
92,ebwstair
200,stair
65,bwstair
81,ebwstair
232,noa
198,bwstair
217,jan
230,ebwstair
146,bil
167,bil
229,bil
238,hbwstair
205,hbwstair
223,test-1-nps
222,noa
194,bil
123,estair
46,shbwstair
207,shstair
95,stair
133,noa
43,jan
111,shbwstair
155,noa
102,hbwstair
141,jan
37,joe
48,hang
94,stair
100,stair
57,jan
107,hang
65,bil
98,jak
206,shbwstair
48,hstair
193,shstair
146,jak
135,test-1-nps
199,hbwstair
123,noa
82,shbwstair
55,mat
202,ebwstair
57,hang
143,test-1-nps
210,jak
85,estair
57,ebwstair
113,jak
185,jak
66,ebwstair
49,ebwstair
100,shbwstair
44,hang
162,shstair
105,hang
92,jan
215,jak
198,bwstair
232,joe
37,joe
31,stair
129,jan
161,noa
172,shstair
148,shstair
174,hang
132,jan
47,hang
205,hang
40,joe
216,shbwstair
40,test-1-nps
74,mat
141,shstair
236,test-1-nps
141,joe
54,joe
33,test-1-nps
97,jak
61,bwstair
115,hstair
140,jan
142,noa
229,shstair
171,hstair
31,hang
111,bil
196,shstair
216,shbwstair
30,test-1-nps
192,bil
171,bwstair
236,noa
210,bwstair
237,jak
208,jan
84,estair
119,bil
176,estair
219,shbwstair
134,ebwstair
138,bil
106,estair
189,mat
216,stair
35,test-1-nps
101,stair
220,jan
61,jan
137,ebwstair
164,hbwstair
69,estair
106,shstair
125,ebwstair
90,stair
93,jan
196,shstair
160,hang
126,test-1-nps
218,joe
193,shstair
33,hbwstair
165,shbwstair
199,test-1-nps
151,hbwstair
134,joe
105,noa
188,jan
227,bwstair
225,ebwstair
231,jan
101,test-1-nps
50,bwstair
97,estair
62,test-1-nps
96,bil
172,noa
221,bwstair
189,shbwstair
76,hstair
235,mat
97,bwstair
214,estair
50,estair
169,shbwstair
113,hang
120,hbwstair
121,mat
158,shbwstair
126,bil
44,hbwstair
73,stair
148,mat
144,hang
233,shbwstair
99,joe
82,ebwstair
96,hbwstair
175,hang
66,stair
181,bwstair
196,estair
173,hang
229,noa
183,ebwstair
160,jan
163,bil
103,shbwstair
120,jan
72,estair
149,jan
129,bil
231,stair
154,hstair
193,hang
194,hang
147,bil
122,shstair
152,hang
76,test-1-nps
105,shbwstair
223,joe
35,shstair
68,hang
67,mat
181,ebwstair
47,estair
220,hang
80,stair
223,estair
173,shstair
220,bil
157,shstair
51,jan
46,ebwstair
40,jan
57,mat
97,noa
154,test-1-nps
84,ebwstair
156,stair
201,hstair
58,shbwstair
59,hang
236,estair
126,jan
176,hstair
140,test-1-nps
187,mat
173,noa
82,noa
45,hbwstair
228,jan
179,shbwstair
145,shbwstair
95,hang
182,shstair
90,joe
63,hbwstair
235,noa
207,jak
184,mat
85,bwstair
236,hstair
225,bwstair
88,noa
221,hstair
86,hstair
127,hbwstair
140,hbwstair
87,mat
146,jan
235,shbwstair
230,hang
165,bil
72,test-1-nps
165,bil
117,hang
127,hang
222,mat
206,bil
154,hang
34,noa
238,jan
38,bil
127,jan
59,ebwstair
213,noa
94,ebwstair
130,bil
132,jak
228,hstair
228,stair
59,test-1-nps
205,ebwstair
171,joe
86,hang
55,hstair
75,mat
37,jan
197,jak
130,shbwstair
132,joe
222,shbwstair
144,estair
72,shbwstair
141,bil
86,bil
234,jan
181,shstair
39,jan
132,hang
165,shbwstair
225,jak
85,estair
128,hbwstair
39,hstair
179,hbwstair
121,estair
108,jan
197,hbwstair
72,jan
76,hang
221,bwstair
179,noa
75,estair
225,hbwstair
201,bwstair
115,joe
123,bil
69,noa
121,bwstair
220,joe
109,bil
124,mat
238,shstair
231,joe
158,hstair
127,bwstair
234,joe
107,jak
171,estair
227,shstair
238,joe
226,hbwstair
112,shbwstair
194,hstair
201,bwstair
42,noa
220,bil
145,shbwstair
53,hbwstair
134,hbwstair
216,shbwstair
72,estair
123,hstair
92,noa
205,joe
92,jak
159,shstair
37,jan
122,noa
113,mat
36,shbwstair
86,joe
237,hbwstair
130,stair
72,hbwstair
78,mat
85,noa
64,jan
156,test-1-nps
100,hstair
78,ebwstair
151,test-1-nps
98,hbwstair
129,bil
71,estair
83,shbwstair
121,jan
228,jak
227,noa
184,jan
176,hstair
100,hang
230,bwstair
208,estair
139,shbwstair
151,hstair
31,noa
174,hbwstair
76,joe
47,jan
182,mat
54,joe
181,bwstair
129,test-1-nps
221,test-1-nps
88,bil
95,joe
32,ebwstair
162,jak
143,bwstair
236,joe
122,hstair
222,noa
67,bil
174,estair
72,hstair
106,hstair
117,hstair
142,jak
172,ebwstair
137,shbwstair
62,joe
238,jak
68,noa
156,bil
50,hstair
133,jan
126,hang
167,shstair
61,ebwstair
194,noa
76,noa
226,mat
183,test-1-nps
31,estair
170,noa
167,jan
84,noa
209,mat
207,bwstair
206,ebwstair
172,ebwstair
61,bwstair
166,ebwstair
134,jak
98,ebwstair
179,joe
184,shbwstair
86,hstair
51,hbwstair
36,jak
201,bwstair
151,hang
159,bil
226,bil
214,stair
101,hbwstair
140,jan
31,jak
175,noa
52,shstair
204,mat
164,bil
81,joe
124,hstair
58,shstair
205,noa
239,jak
70,noa
91,noa
153,estair
142,hbwstair
42,shbwstair
208,noa
192,bil
227,shstair
162,hstair
53,estair
143,test-1-nps
185,stair
33,joe
170,hstair
178,bil
110,shstair
135,ebwstair
191,bil
77,ebwstair
143,hbwstair
183,shbwstair
165,joe
71,hstair
108,shstair
190,hang
208,joe
159,hstair
151,jak
239,ebwstair
57,noa
171,bil
99,bil
205,joe
121,mat
228,hang
138,hstair
116,test-1-nps
149,estair
194,joe
220,hang
93,estair
185,ebwstair
159,joe
43,jan
37,stair
138,shstair
40,jan
186,shbwstair
53,shstair
32,jak
165,bwstair
71,jak
233,hbwstair
62,hstair
153,estair
83,shbwstair
35,bil
65,mat
88,jan
172,shstair
196,mat
111,shbwstair
54,jan
199,hbwstair
197,ebwstair
196,ebwstair
165,jan
77,estair
128,noa
73,hbwstair
115,shstair
208,jak
158,shstair
205,stair
50,noa
111,jak
65,hbwstair
80,bwstair
184,jak
122,jak
59,test-1-nps
228,joe
233,hstair
40,joe
97,hstair
97,shstair
115,hang
38,shbwstair
117,shstair
78,jak
99,hstair
115,hbwstair
179,jak
132,hang
195,test-1-nps
95,bil
222,hang
31,hstair
33,bil
173,shstair
202,bwstair
161,jan
86,hang
153,ebwstair
149,bil
205,hbwstair
183,jan
109,shstair
163,test-1-nps
204,test-1-nps
172,hbwstair
113,noa
46,bil
228,jan
92,jak
33,shbwstair
102,hbwstair
198,hbwstair
129,ebwstair
209,estair
227,jan
155,hbwstair
71,jak
133,jak
212,jak
45,joe
89,estair
36,bwstair
67,noa
136,hbwstair
46,jan
237,hbwstair
187,jan
85,jan
144,hbwstair
232,jan
155,shstair
141,stair
220,jan
158,shstair
185,bwstair
135,jak
138,bil
64,jak
77,hstair
40,hang
34,test-1-nps
226,hang
194,stair
103,shstair
93,shstair
89,bwstair
115,joe
165,jan
177,noa
219,estair
235,jan
85,shbwstair
206,jak
191,noa
77,hang
180,stair
144,hbwstair
208,test-1-nps
168,jan
228,bwstair
128,hang
216,test-1-nps
155,hstair
150,bwstair
49,bwstair
109,hbwstair
109,jak
212,test-1-nps
134,bil
84,noa
208,noa
68,bwstair
60,test-1-nps
86,hang
109,ebwstair
189,bil
132,stair
176,stair
83,jak
89,mat
96,estair
163,estair
49,noa
105,hang
174,hang
99,test-1-nps
132,jak
114,shbwstair
226,estair
41,estair
226,stair
94,bil
58,joe
39,estair
123,test-1-nps
37,joe
58,mat
53,bwstair
156,mat
169,stair
46,hstair
173,mat
148,bwstair
213,stair
148,jan
93,noa
138,bwstair
192,stair
98,bwstair
148,estair
138,hstair
165,noa
216,hstair
161,stair
145,estair
30,test-1-nps
105,noa
93,stair
152,shstair
214,bwstair
115,jan
178,stair
195,joe
69,jan
216,estair
30,stair
174,joe
219,joe
97,shstair
153,jan
195,test-1-nps
109,hstair
194,ebwstair
238,bwstair
188,mat
56,jan
37,mat
72,shbwstair
158,hang
126,joe
123,bwstair
226,jan
219,ebwstair
218,stair
60,test-1-nps
53,test-1-nps
238,noa
46,shbwstair
157,bil
154,jan
183,noa
140,bil
96,jak
139,ebwstair
35,ebwstair
93,test-1-nps
134,estair
76,test-1-nps
203,noa
130,hang
171,hang
52,joe
91,estair
47,bil
78,jan
104,ebwstair
106,bil
104,test-1-nps
77,jan
148,shstair
103,hstair
162,stair
182,noa
93,ebwstair
86,bwstair
237,ebwstair
123,bil
184,jan
55,estair
100,jak
68,joe
133,bil
106,ebwstair
236,stair
37,hbwstair
236,jan
113,hbwstair
144,shstair
164,jan
130,shstair
129,hbwstair
85,jak
143,jan
92,test-1-nps
140,stair
114,test-1-nps
202,hstair
125,noa
146,estair
71,ebwstair
168,test-1-nps
232,stair
62,jak
74,jan
163,joe
219,hbwstair
41,hang
210,estair
38,noa
150,hang
233,shbwstair
89,bwstair
140,jan
40,stair
118,bil
52,stair
58,hbwstair
227,jak
187,shstair
51,mat
161,bwstair
202,shbwstair
190,noa
143,ebwstair
159,hang
119,bil
86,joe
217,hang
38,hang
68,mat
227,jak
195,mat
58,hstair
47,noa
81,hang
192,mat
222,joe
153,ebwstair
202,bwstair
153,hbwstair
221,jan
164,ebwstair
181,hang
150,stair
160,bwstair
160,estair
152,stair
174,hbwstair
98,hang
192,bil
228,stair
105,joe
74,jak
84,jan
151,hstair
155,estair
191,joe
49,shstair
126,hstair
210,bil
64,bil
118,shbwstair
202,noa
122,bil
176,bwstair
36,noa
50,shbwstair
144,hstair
109,mat
226,hstair
103,hstair
162,ebwstair
76,bwstair
126,bil
143,shbwstair
146,mat
95,bwstair
78,bil
102,noa
199,estair
225,estair
51,bil
81,hang
61,test-1-nps
212,jan
217,ebwstair
153,hstair
195,mat
210,shbwstair
226,jak
67,noa
187,shstair
178,stair
163,jan
224,shbwstair
41,test-1-nps
51,hstair
185,bil
212,stair
33,shbwstair
107,noa
83,mat
37,estair
119,shstair
50,jan
231,test-1-nps
199,mat
225,shbwstair
40,hbwstair
179,test-1-nps
163,hstair
151,hstair
87,bwstair
107,estair
195,ebwstair
219,stair
86,shstair
105,stair
90,mat
111,jan
52,bil
219,stair
146,shstair
37,hang
53,jan
51,hang
178,hang
169,ebwstair
136,joe
174,stair
72,shstair
169,test-1-nps
142,ebwstair
57,bwstair
204,jak
190,shbwstair
215,stair
190,estair
226,test-1-nps
38,hang
151,joe
236,jak
102,jan
169,joe
56,shbwstair
167,test-1-nps
34,hstair
210,joe
62,hbwstair
103,jak
164,bil
105,bil
132,bil
179,bil
233,stair
56,ebwstair
152,ebwstair
117,hstair
144,ebwstair
239,hbwstair
196,mat
87,test-1-nps
178,hang
214,mat
55,bil
79,hstair
176,hstair
137,hang
142,shstair
175,hbwstair
158,hbwstair
231,hstair
158,estair
67,ebwstair
103,noa
56,joe
40,jan
98,jan
120,hang
204,hstair
184,hang
91,bwstair
45,stair
198,jan
164,shbwstair
66,hang
106,bwstair
48,bil
176,joe
35,jak
75,hstair
40,shbwstair
120,mat
61,stair
83,mat
232,hstair
45,jan
211,jak
47,shstair
67,stair
171,stair
124,hstair
136,hstair
204,hbwstair
150,shstair
217,bwstair
160,noa
51,test-1-nps
151,jak
202,hang
216,stair
82,hstair
115,joe
37,hang
221,ebwstair
199,hang
44,ebwstair
196,hbwstair
126,ebwstair
56,shbwstair
178,hang
137,hbwstair
125,jan
160,joe
238,hstair
133,jak
129,ebwstair
113,estair
31,estair
227,bil
122,hstair
170,joe
222,jan
36,shstair
94,joe
192,jan
78,jak
165,hbwstair
134,shstair
50,mat
100,hang
134,jak
235,shbwstair
115,test-1-nps
213,bwstair
167,shbwstair
148,joe
54,jak
172,shbwstair
200,hbwstair
160,test-1-nps
107,ebwstair
79,jan
230,jan
168,noa
95,hang
174,noa
97,mat
66,bwstair
126,test-1-nps
155,estair
233,jan
110,jan
200,test-1-nps
168,jan
124,stair
207,bwstair
73,mat
30,shbwstair
108,hang
84,hbwstair
79,shbwstair
138,joe
98,hbwstair
87,shbwstair
110,mat
45,bwstair
233,noa
32,bil
132,hstair
145,ebwstair
52,shstair
123,bwstair
64,joe
125,shstair
210,hang
110,hbwstair
91,hstair
231,stair
145,bil
72,mat
179,jak
55,jak
148,bwstair
199,jak
55,mat
112,estair
30,shstair
222,hbwstair
214,noa
227,mat
142,jan
203,bil
214,bil
30,hstair
216,test-1-nps
203,test-1-nps
74,stair
77,hang
173,joe
96,shbwstair
192,ebwstair
74,shstair
134,hstair
93,joe
69,noa
153,jan
217,shstair
81,hbwstair
188,jak
213,hang
78,shbwstair
107,hbwstair
106,estair
43,estair
143,shbwstair
211,shbwstair
193,bwstair
76,ebwstair
216,joe
70,hang
122,stair
185,ebwstair
232,jak
123,hang
112,test-1-nps
129,jak
96,joe
209,hstair
55,hstair
37,stair
86,bil
126,hang
171,mat
148,mat
146,jak
167,shstair
142,hbwstair
206,test-1-nps
138,bwstair
221,test-1-nps
77,test-1-nps
229,ebwstair
74,mat
97,jan
168,hbwstair
55,joe
186,hang
39,mat
63,estair
175,hbwstair
236,jan
57,estair
75,jak
33,hstair
168,jan
217,test-1-nps
180,ebwstair
188,hbwstair
216,mat
84,hang
224,estair
194,noa
144,mat
213,jan
177,hang
151,jak
178,noa
46,noa
56,hang
98,hstair
209,hbwstair
219,jak
235,shbwstair
143,shbwstair
81,stair
148,hang
202,jan
58,bwstair
142,shbwstair
139,shbwstair
170,joe
74,shbwstair
224,hbwstair
127,hstair
199,jan
81,ebwstair
56,noa
133,stair
174,stair
53,jan
178,shbwstair
175,bil
235,hstair
113,test-1-nps
88,jan
125,bil
239,estair
51,estair
56,joe
180,hang
71,shstair
30,ebwstair
239,test-1-nps
81,test-1-nps
164,estair
134,mat
96,hstair
176,hbwstair
133,estair
160,joe
85,shbwstair
209,estair
114,bwstair
70,shbwstair
119,estair
94,ebwstair
53,shbwstair
213,jan
171,bil
63,estair
83,bwstair
175,ebwstair
32,test-1-nps
75,jak
73,stair
237,bwstair
51,mat
33,noa
100,mat
74,joe
71,ebwstair
106,hstair
86,bil
237,mat
147,stair
93,joe
76,shbwstair
237,stair
220,hstair
35,estair
43,hang
86,jan
211,shstair
99,mat
77,bil
98,shbwstair
175,mat
157,shstair
209,joe
180,jan
206,hbwstair
218,bwstair
78,joe
210,hang
90,test-1-nps
64,joe
220,ebwstair
43,test-1-nps
186,ebwstair
205,stair
178,jak
160,estair
94,shbwstair
95,bil
196,bil
91,shstair
135,bwstair
43,noa
93,shbwstair
192,joe
172,bil
196,test-1-nps
42,jak
143,hang
110,test-1-nps
142,hbwstair
37,ebwstair
87,bwstair
30,estair
169,estair
205,bil
172,joe
207,hstair
217,bil
54,jak
152,hstair
176,test-1-nps
131,jak
39,hstair
232,noa
54,noa
188,jak
52,test-1-nps
38,hang
83,estair
108,hbwstair
129,hstair
31,hbwstair
187,jak
101,test-1-nps
123,hbwstair
116,stair
139,hang
230,shbwstair
236,hstair
160,bil
224,hang
173,bwstair
185,bil
194,joe
87,jan
181,hbwstair
49,estair
208,bil
33,joe
131,jak
119,hbwstair
158,ebwstair
71,mat
180,estair
232,shstair
36,test-1-nps
130,bil
166,mat
80,hbwstair
233,hang
117,bil
95,stair
81,noa
168,shbwstair
33,hbwstair
35,bil
99,jak
210,ebwstair
97,hbwstair
127,estair
59,noa
33,estair
175,mat
68,joe
38,jak
146,shstair
170,mat
235,stair
94,hbwstair
196,ebwstair
72,hstair
64,stair
102,joe
210,hang
120,noa
213,joe
170,shbwstair
140,hbwstair
130,bil
40,hang
81,test-1-nps
223,noa
136,joe
150,bwstair
101,jak
130,hbwstair
173,bil
87,jan
222,ebwstair
207,test-1-nps
54,estair
166,jan
183,bwstair
41,hbwstair
159,jak
72,hbwstair
111,shstair
186,hstair
185,mat
215,bwstair
54,shbwstair
150,joe
163,jak
175,test-1-nps
214,jan
209,jak
161,bil
57,bil
106,bil
134,hang
227,jak
181,joe
79,jak
232,test-1-nps
92,noa
178,test-1-nps
92,bil
55,hstair
108,hbwstair
81,jan
204,noa
31,ebwstair
124,stair
140,hstair
186,estair
235,estair
118,jan
218,hbwstair
233,jan
66,bwstair
89,noa
168,hbwstair
141,jan
160,hbwstair
199,ebwstair
100,hstair
192,jan
128,shstair
184,shbwstair
224,estair
197,hang
129,shbwstair
158,noa
170,noa
201,test-1-nps
62,joe
162,bwstair
145,joe
170,mat
111,bwstair
175,test-1-nps
198,jan
69,test-1-nps
75,ebwstair
102,test-1-nps
55,shstair
38,shbwstair
130,bwstair
54,test-1-nps
116,bwstair
146,joe
169,joe
234,joe
170,jak
47,joe
135,test-1-nps
194,shstair
81,stair
115,hbwstair
71,shstair
185,jak
237,hbwstair
215,bwstair
53,bwstair
182,shbwstair
115,estair
201,joe
34,joe
174,ebwstair
223,jak
182,stair
199,mat
176,bwstair
53,mat
77,bil
57,mat
35,bil
206,jak
138,stair
153,mat
201,shstair
229,shstair
34,test-1-nps
104,jak
169,shbwstair
155,shbwstair
237,joe
109,bil
140,bwstair
162,bil
158,shstair
49,hstair
43,joe
44,estair
223,shbwstair
189,shstair
110,jak
47,estair
54,hbwstair
123,estair
236,noa
113,hstair
76,shbwstair
90,joe
64,ebwstair
60,noa
229,mat
110,hang
56,jak
60,ebwstair
74,test-1-nps
186,jak
235,jan
92,bil
49,jak
180,noa
65,noa
138,bil
220,shbwstair
147,shstair
62,hang
78,noa
94,hstair
160,shstair
139,ebwstair
183,hstair
160,jan
181,jan
176,noa
184,hstair
152,estair
113,hstair
40,test-1-nps
85,shbwstair
220,noa
108,hstair
227,bwstair
78,bil
211,shbwstair
48,hbwstair
142,bwstair
226,estair
194,jan
202,hstair
84,shstair
184,estair
50,stair
196,estair
65,jak
129,jan
160,jan
152,hbwstair
140,shbwstair
198,hstair
129,bil
231,ebwstair
222,bwstair
132,shbwstair
198,noa
114,hstair
78,hbwstair
51,noa
210,mat
218,bwstair
158,jan
205,ebwstair
82,mat
80,ebwstair
48,test-1-nps
77,shstair
147,stair
112,shstair
178,hstair
71,estair
101,bwstair
97,jan
143,hstair
126,test-1-nps
164,bil
166,shbwstair
168,bwstair
164,hang
168,noa
128,noa
224,jan
71,stair
135,bwstair
104,test-1-nps
159,shbwstair
111,shstair
135,test-1-nps
227,mat
106,jak
148,ebwstair
72,shstair
147,stair
239,ebwstair
69,bwstair
238,ebwstair
120,noa
233,hstair
215,hang
233,shbwstair
182,hstair
107,noa
48,hbwstair
106,bil
43,shstair
165,noa
165,hstair
182,bwstair
154,shstair
90,hbwstair
122,shbwstair
83,bil
55,estair
215,joe
133,jak
69,shstair
53,hstair
155,shstair
171,joe
117,test-1-nps
138,mat
38,test-1-nps
106,jak
80,test-1-nps
69,hstair
154,joe
48,ebwstair
63,test-1-nps
127,noa
42,joe
164,noa
38,bil
120,shbwstair
107,ebwstair
33,noa
45,noa
185,jan
86,bil
207,bil
192,test-1-nps
86,noa
46,jak
115,test-1-nps
64,jak
185,jak
226,shbwstair
127,bwstair
161,stair
43,jak
201,shbwstair
176,hang
180,mat
152,bwstair
141,hbwstair
38,hbwstair
59,noa
194,test-1-nps
149,shbwstair
30,hang
74,shstair
93,ebwstair
112,hstair
77,ebwstair
129,ebwstair
145,hbwstair
91,hbwstair
101,hstair
104,bil
57,jan
62,hstair
129,hang
217,test-1-nps
77,bwstair
98,noa
202,ebwstair
79,noa
45,bwstair
174,test-1-nps
154,ebwstair
71,bil
221,mat
170,shbwstair
63,shstair
210,shbwstair
232,shstair
139,hbwstair
191,stair
202,estair
59,mat
161,hang
181,bil
76,hbwstair
200,joe
36,mat
56,mat
120,bwstair
131,shstair
199,hbwstair
220,hbwstair
219,bwstair
178,ebwstair
34,mat
221,bwstair
60,jan
145,hbwstair
155,noa
175,shstair
161,bwstair
174,shbwstair
136,hstair
172,joe
145,bil
33,jak
211,bwstair
103,estair
107,shstair
227,ebwstair
52,hang
43,hstair
41,noa
182,ebwstair
186,hstair
103,jan
214,jak
100,test-1-nps
100,mat
187,shstair
113,stair
117,bwstair
48,mat
201,hbwstair
55,hbwstair
159,ebwstair
124,bwstair
225,shbwstair
144,stair
194,mat
187,shstair
113,estair
31,ebwstair
68,ebwstair
210,joe
60,bil
176,ebwstair
182,estair
158,jak
92,jak
78,hbwstair
84,hstair
118,hstair
110,bil
147,ebwstair
32,mat
67,shbwstair
44,hang
220,hbwstair
34,shbwstair
109,shbwstair
47,ebwstair
45,ebwstair
218,joe
115,ebwstair
39,bwstair
170,hbwstair
150,noa
169,test-1-nps
232,hbwstair
226,jak
195,ebwstair
107,jan
50,jan
42,bil
136,estair
83,shstair
198,bil
108,test-1-nps
231,hstair
99,shbwstair
203,bwstair
199,bil
128,bwstair
237,ebwstair
236,jak
99,bwstair
76,noa
32,jak
127,ebwstair
44,jak
187,estair
163,stair
236,noa
200,ebwstair
233,stair
171,bil
144,jak
179,hbwstair
41,bil
80,shstair
146,shstair
235,test-1-nps
173,hbwstair
228,bwstair
59,hstair
49,hbwstair
203,shstair
190,shstair
199,joe
229,stair
88,hang
95,test-1-nps
113,mat
188,mat
200,hstair
228,shstair
128,joe
212,estair
93,hang
90,hang
32,bil
116,shbwstair
52,test-1-nps
83,ebwstair
64,shbwstair
146,noa
48,bwstair
202,jan
198,hbwstair
175,bil
215,bwstair
89,hbwstair
127,test-1-nps
78,hbwstair
201,ebwstair
239,mat
208,stair
161,estair
203,jak
121,mat
207,hstair
184,noa
226,bil
75,joe
204,shstair
110,hbwstair
112,jak
91,jan
85,stair
237,shstair
43,jan
203,bil
41,mat
204,bwstair
76,shbwstair
180,shbwstair
101,hstair
204,shbwstair
230,estair
67,jak
35,hstair
31,mat
146,joe
68,mat
84,ebwstair
39,joe
172,noa
195,noa
191,hbwstair
176,shstair
73,ebwstair
158,shbwstair
45,bil
215,estair
103,stair
105,shstair
77,mat
151,estair
64,hstair
168,jan
205,hang
217,ebwstair
141,jan
74,test-1-nps
154,estair
47,test-1-nps
164,hang
50,hstair
42,joe
131,stair
159,stair
168,joe
90,bil
36,estair
44,shbwstair
206,noa
147,shstair
141,joe
99,estair
148,bwstair
30,hang
39,shbwstair
206,shbwstair
221,test-1-nps
238,ebwstair
236,shbwstair
121,jan
46,hbwstair
236,mat
237,test-1-nps
131,estair
80,mat
143,hang
181,hbwstair
125,bwstair
147,bil
45,hang
115,stair
93,stair
63,ebwstair
178,mat
50,joe
206,jan
49,shbwstair
221,ebwstair
185,mat
94,jan
207,hstair
80,hang
78,hang
73,shstair
107,bil
105,hang
222,jak
44,estair
101,test-1-nps
215,shstair
71,noa
60,bwstair
193,hbwstair
76,stair
122,jan
49,hstair
169,mat
52,shstair
46,bwstair
216,shstair
148,joe
137,hang
226,estair
192,joe
154,joe
36,noa
126,hstair
224,stair
129,stair
66,shstair
77,jak
91,hbwstair
40,bil
236,joe
44,estair
104,ebwstair
206,shstair
153,jak
64,jan
99,hbwstair
140,bil
233,ebwstair
39,bwstair
154,bwstair
202,test-1-nps
144,ebwstair
96,ebwstair
53,hbwstair
237,joe
71,stair
84,noa
84,shstair
181,hstair
168,jan
227,jak
73,jak
155,jan
176,hang
81,shstair
126,shstair
50,mat
157,estair
76,jan
163,bwstair
69,hstair
161,hbwstair
167,test-1-nps
84,noa
223,shbwstair
226,hstair
191,bil
54,noa
61,estair
226,bwstair
71,stair
39,jak
199,stair
195,estair
77,jan
181,jak
147,bil
57,estair
33,joe
227,joe
218,estair
76,shstair
57,bwstair
191,mat
78,jan
93,joe
30,ebwstair
60,estair
91,shstair
159,jan
112,mat
193,noa
215,bwstair
53,shstair
175,test-1-nps
118,test-1-nps
44,shstair
180,test-1-nps
44,shstair
128,hbwstair
59,hstair
92,hstair
55,test-1-nps
219,shbwstair
215,hbwstair
167,test-1-nps
149,jan
75,shstair
167,bwstair
93,hang
32,hang
128,test-1-nps
159,joe
211,jak
215,shstair
120,hbwstair
208,shstair
226,stair
180,bil
186,stair
173,ebwstair
212,shstair
187,shbwstair
37,shbwstair
221,joe
218,test-1-nps
56,estair
135,estair
221,test-1-nps
153,noa
135,estair
236,noa
183,stair
114,hang
196,shstair
45,estair
216,hstair
219,shbwstair
189,noa
110,noa
125,joe
86,mat
138,jak
238,jan
43,joe
38,bwstair
152,estair
119,jak
154,estair
204,hbwstair
98,hang
239,shstair
222,bwstair
97,ebwstair
45,estair
71,shbwstair
59,bil
190,jan
117,shstair
56,hang
145,joe
198,ebwstair
79,hang
94,shbwstair
81,mat
145,shstair
231,jan
192,hstair
159,mat
188,ebwstair
220,bwstair
89,mat
95,jan
61,hstair
135,joe
117,shstair
164,shstair
199,test-1-nps
201,test-1-nps
235,stair
74,bwstair
111,noa
99,jak
33,stair
166,bwstair
78,ebwstair
117,joe
170,bwstair
30,noa
116,bwstair
112,joe
185,stair
64,bil
36,shbwstair
194,shbwstair
205,jak
63,test-1-nps
137,hstair
143,shbwstair
202,bil
117,noa
132,estair
101,hstair
220,shbwstair
116,hang
169,hang
237,hang
173,estair
184,hbwstair
207,stair
190,joe
207,bwstair
50,noa
116,estair
124,bwstair
190,jan
229,jak
214,shbwstair
168,mat
217,mat
147,ebwstair
110,shstair
151,jak
141,ebwstair
129,shstair
226,hstair
48,joe
120,bil
221,shbwstair
113,hstair
174,test-1-nps
70,ebwstair
70,test-1-nps
87,noa
141,noa
57,jak
54,shstair
69,stair
180,test-1-nps
207,ebwstair
106,hstair
54,shstair
148,bil
89,ebwstair
110,stair
126,shstair
141,joe
234,jak
67,test-1-nps
80,bil
190,estair
199,hang
76,ebwstair
40,hbwstair
113,hang
200,estair
155,hstair
192,jak
131,test-1-nps
127,jak
230,hstair
212,hbwstair
169,bil
127,jak
71,jak
228,hbwstair
205,hbwstair
145,shbwstair
119,shbwstair
165,shbwstair
233,ebwstair
191,bil
211,hbwstair
194,ebwstair
112,stair
238,ebwstair
131,bwstair
87,bwstair
234,hbwstair
195,estair
145,hbwstair
228,joe
189,ebwstair
105,jan
98,mat
43,test-1-nps
136,shbwstair
118,bwstair
166,hbwstair
32,joe
75,stair
108,jan
201,estair
135,hang
157,test-1-nps
192,hbwstair
208,shstair
38,jan
135,ebwstair
155,shstair
176,noa
213,shstair
43,shbwstair
56,shbwstair
119,hbwstair
38,bwstair
224,shbwstair
155,bwstair
135,ebwstair
124,mat
46,bil
140,test-1-nps
156,shstair
148,shstair
91,mat
224,jak
110,ebwstair
74,jak
166,hang
149,stair
226,estair
150,shstair
120,noa
199,bil
159,ebwstair
231,mat
144,mat
135,bil
99,shstair
42,ebwstair
125,jan
116,bil
30,jak
49,hang
98,hang
155,shbwstair
134,hang
118,test-1-nps
33,shstair
196,bwstair
78,shstair
234,jak
165,shbwstair
168,estair
50,hang
178,shbwstair
136,hang
171,joe
78,hang
161,stair
126,hbwstair
113,jak
112,jak
170,bil
231,ebwstair
98,noa
138,bil
198,mat
108,mat
103,bwstair
162,mat
189,jan
142,bwstair
183,bil
86,ebwstair
55,test-1-nps
111,bil
133,jan
220,stair
42,ebwstair
158,noa
51,bwstair
179,jan
151,hstair
185,bwstair
121,jan
211,joe
120,hang
108,shstair
38,ebwstair
172,shbwstair
57,bwstair
152,test-1-nps
74,jak
176,noa
216,bwstair
167,bil
190,bwstair
209,bil
142,noa
167,estair
200,ebwstair
132,ebwstair
120,ebwstair
236,mat
58,jak
44,shstair
48,joe
49,jan
40,shbwstair
230,bwstair
98,noa
38,test-1-nps
179,jan
205,ebwstair
113,joe
37,mat
170,hbwstair
81,jak
33,hstair
193,stair
216,bil
196,jak
220,shstair
206,hstair
113,jan
171,shstair
101,stair
180,stair
137,hang
158,joe
135,noa
180,estair
70,test-1-nps
189,jan
213,estair
43,jan
177,joe
208,jan
198,jan
210,bil
147,noa
202,hbwstair
54,hang
113,hang
216,jan
121,jan
117,hang
173,bwstair
175,shstair
167,test-1-nps
170,mat
194,shstair
223,hbwstair
37,noa
178,hstair
119,shstair
35,hbwstair
176,stair
167,test-1-nps
238,shstair
119,shstair
40,test-1-nps
209,shstair
123,hstair
137,shstair
71,hstair
149,test-1-nps
164,joe
138,test-1-nps
81,test-1-nps
61,hang
114,bwstair
137,shstair
205,bwstair
31,mat
193,joe
57,noa
189,noa
200,noa
237,bwstair
153,shbwstair
187,test-1-nps
227,jan
236,stair
237,shstair
238,hbwstair
167,noa
215,stair
118,stair
173,hang
163,estair
51,shbwstair
61,hstair
219,test-1-nps
189,bwstair
212,joe
207,test-1-nps
219,ebwstair
44,estair
212,hang
230,estair
63,hstair
77,hbwstair
37,mat
48,hang
215,hbwstair
188,jan
206,shstair
101,shbwstair
161,jan
68,shbwstair
51,noa
186,hang
37,bil
221,shstair
109,shbwstair
110,estair
101,hstair
239,shstair
82,hang
117,test-1-nps
177,hang
35,shbwstair
218,hang
180,noa
129,shbwstair
57,hstair
177,mat
227,shstair
123,hang
198,jak
232,joe
62,shbwstair
110,shbwstair
113,hbwstair
196,hbwstair
192,ebwstair
221,hstair
143,hbwstair
42,shbwstair
97,hbwstair
195,mat
66,bwstair
120,joe
163,shstair
119,ebwstair
144,bil
183,jan
78,shbwstair
197,shbwstair
77,stair
140,noa
33,shstair
62,noa
157,hbwstair
66,estair
78,shstair
191,shstair
97,bil
239,bwstair
88,shstair
122,noa
182,hstair
147,jak
92,shbwstair
124,noa
93,test-1-nps
153,test-1-nps
208,mat
32,bil
204,stair
79,hbwstair
145,bil
236,bwstair
142,jak
61,hbwstair
108,noa
35,shstair
142,hbwstair
93,hstair
84,shbwstair
77,test-1-nps
112,test-1-nps
129,bil
91,hang
216,hang
190,jan
239,jak
202,bwstair
196,ebwstair
79,shstair
236,bil
187,jan
223,hstair
140,hang
183,noa
73,jan
78,bwstair
116,shstair
206,test-1-nps
120,stair
149,mat
176,ebwstair
54,test-1-nps
232,noa
83,jak
50,hbwstair
31,estair
224,mat
132,bil
32,mat
155,hang
217,mat
122,hstair
83,estair
202,bil
151,shstair
96,hbwstair
219,shbwstair
63,jak
32,jak
138,bwstair
169,shbwstair
35,bwstair
228,joe
158,joe
82,estair
209,bil
166,noa
98,jak
209,noa
72,stair
170,ebwstair
233,joe
99,ebwstair
178,joe
98,ebwstair
86,estair
82,hstair
117,hang
142,joe
210,bwstair
186,mat
195,shbwstair
142,jak
38,shstair
86,shbwstair
222,shstair
117,jak
51,shbwstair
33,shbwstair
110,test-1-nps
234,stair
45,shbwstair
204,ebwstair
154,bwstair
146,bil
148,shstair
89,ebwstair
157,noa
134,hbwstair
131,hang
85,ebwstair
96,noa
96,jan
38,noa
125,jan
89,jan
137,ebwstair
227,joe
166,joe
216,estair
223,hbwstair
232,hstair
230,jak
52,shstair
197,noa
78,mat
181,jak
101,estair
62,hstair
47,mat
186,jak
50,jan
152,shbwstair
209,shstair
53,jan
207,ebwstair
142,stair
76,mat
216,hbwstair
194,jak
69,test-1-nps
32,shbwstair
33,stair
186,joe
233,test-1-nps
131,estair
97,hang
46,hstair
186,hang
237,bil
147,jak
60,test-1-nps
162,ebwstair
132,bwstair
113,joe
239,jan
122,joe
152,bil
172,ebwstair
135,noa
124,mat
92,bil
47,stair
226,ebwstair
106,noa
63,noa
104,shbwstair
117,hstair
71,jan
68,bwstair
70,test-1-nps
81,mat
84,hstair
110,joe
50,mat
91,noa
129,test-1-nps
165,jak
223,mat
115,mat
143,mat
62,ebwstair
135,hang
72,bwstair
170,hbwstair
222,joe
43,hang
208,estair
76,test-1-nps
52,shbwstair
203,mat
72,jan
52,test-1-nps
91,noa
183,estair
44,jak
30,shbwstair
214,hbwstair
131,hbwstair
195,hstair
75,test-1-nps
72,hbwstair
173,hang
126,hang
107,ebwstair
161,test-1-nps
108,joe
49,stair
129,jak
208,test-1-nps
109,hstair
125,stair
83,noa
229,hbwstair
209,bwstair
85,ebwstair
154,joe
187,shstair
152,mat
145,noa
178,hang
100,noa
59,joe
70,hbwstair
93,bil
56,hstair
232,shbwstair
189,bil
209,hstair
170,shstair
143,hang
221,stair
111,bwstair
161,estair
78,shstair
70,jan
105,shbwstair
114,estair
37,jak
54,jan
211,jak
89,hbwstair
80,test-1-nps
204,noa
162,ebwstair
91,ebwstair
238,joe
82,jan
48,jak
211,jan
235,bwstair
111,shstair
69,stair
136,bil
92,shbwstair
109,jan
85,mat
141,bil
92,ebwstair
94,ebwstair
119,estair
104,joe
32,jak
109,shstair
102,bil
118,shbwstair
105,shbwstair
82,joe
33,bil
187,shbwstair
99,joe
199,shbwstair
41,joe
73,hbwstair
45,jak
82,bil
48,hstair
231,hbwstair
49,estair
77,noa
120,hbwstair
97,bwstair
203,bil
116,hbwstair
232,ebwstair
115,shstair
232,stair
57,hang
210,test-1-nps
138,stair
152,estair
75,mat
239,noa
176,ebwstair
120,mat
150,ebwstair
40,bil
42,test-1-nps
80,joe
190,jak
140,stair
127,ebwstair
140,joe
156,bwstair
126,shstair
